path,lane,lang,similarity.max_token_overlap_ratio,validation.dup_candidate_threshold,validation.dup_candidate_warn_max_share,validation.dup_contain_threshold,validation.dup_jaccard_threshold,validation.dup_chain_threshold,validation.dup_chain_threshold_latin,validation.dup_chain_threshold_asian,validation.dup_chain_threshold_carveout,effective.dup_candidate_threshold,effective.dup_candidate_warn_max_share,effective.dup_contain_threshold,effective.dup_jaccard_threshold,effective.dup_chain_threshold_latin,effective.dup_chain_threshold_carveout
dino_ds/lanes/lane_01_identity/lane_de.yaml,lane_01_identity,de,0.35,,,,,,,,,0.35,0.35,0.55,0.38,0.26,0.3
dino_ds/lanes/lane_01_identity/lane_en.yaml,lane_01_identity,en,0.35,,,,,,,,,0.35,0.35,0.55,0.38,0.26,0.3
dino_ds/lanes/lane_01_identity/lane_es.yaml,lane_01_identity,es,0.35,,,,,,,,,0.35,0.35,0.55,0.38,0.26,0.3
dino_ds/lanes/lane_01_identity/lane_fr.yaml,lane_01_identity,fr,0.35,,,,,,,,,0.35,0.35,0.55,0.38,0.26,0.3
dino_ds/lanes/lane_01_identity/lane_hi.yaml,lane_01_identity,hi,0.35,,,,,,,,,0.35,0.35,0.55,0.38,0.26,0.3
dino_ds/lanes/lane_01_identity/lane_it.yaml,lane_01_identity,it,0.35,,,,,,,,,0.35,0.35,0.55,0.38,0.26,0.3
dino_ds/lanes/lane_01_identity/lane_ja.yaml,lane_01_identity,ja,0.35,,,,,,,,,0.35,0.35,0.55,0.38,0.26,0.3
dino_ds/lanes/lane_01_identity/lane_ko.yaml,lane_01_identity,ko,0.35,,,,,,,,,0.35,0.35,0.55,0.38,0.26,0.3
dino_ds/lanes/lane_01_identity/lane_pt-br.yaml,lane_01_identity,pt-br,0.35,,,,,,,,,0.35,0.35,0.55,0.38,0.26,0.3
dino_ds/lanes/lane_01_identity/lane_th.yaml,lane_01_identity,th,0.35,,,,,,,,,0.35,0.35,0.55,0.38,0.26,0.3
dino_ds/lanes/lane_01_identity/lane_vi.yaml,lane_01_identity,vi,0.35,,,,,,,,,0.35,0.35,0.55,0.38,0.26,0.3
dino_ds/lanes/lane_01_identity/lane_zh-hans.yaml,lane_01_identity,zh-hans,0.35,,,,,,,,,0.35,0.35,0.55,0.38,0.26,0.3
dino_ds/lanes/lane_01_identity/lane_zh-hant.yaml,lane_01_identity,zh-hant,0.35,,,,,,,,,0.35,0.35,0.55,0.38,0.26,0.3
dino_ds/lanes/lane_01_identity/lane_zh-hk.yaml,lane_01_identity,zh-hk,0.35,,,,,,,,,0.35,0.35,0.55,0.38,0.26,0.3
dino_ds/lanes/lane_02_tone_behaviour_foundation/lane_de.yaml,lane_02_tone_behaviour_foundation,de,0.18,,,,,,,,,0.18,0.35,0.55,0.38,0.26,0.3
dino_ds/lanes/lane_02_tone_behaviour_foundation/lane_en.yaml,lane_02_tone_behaviour_foundation,en,0.2,,,,,,,,,0.2,0.35,0.55,0.38,0.26,0.3
dino_ds/lanes/lane_02_tone_behaviour_foundation/lane_es.yaml,lane_02_tone_behaviour_foundation,es,0.18,,,,,,,,,0.18,0.35,0.55,0.38,0.26,0.3
dino_ds/lanes/lane_02_tone_behaviour_foundation/lane_fr.yaml,lane_02_tone_behaviour_foundation,fr,0.18,,,,,,,,,0.18,0.35,0.55,0.38,0.26,0.3
dino_ds/lanes/lane_02_tone_behaviour_foundation/lane_hi.yaml,lane_02_tone_behaviour_foundation,hi,0.12,,,,,,,,,0.12,0.35,0.55,0.38,0.26,0.3
dino_ds/lanes/lane_02_tone_behaviour_foundation/lane_it.yaml,lane_02_tone_behaviour_foundation,it,0.18,,,,,,,,,0.18,0.35,0.55,0.38,0.26,0.3
dino_ds/lanes/lane_02_tone_behaviour_foundation/lane_ja.yaml,lane_02_tone_behaviour_foundation,ja,0.16,,,,,,,,,0.16,0.35,0.55,0.38,0.26,0.3
dino_ds/lanes/lane_02_tone_behaviour_foundation/lane_ko.yaml,lane_02_tone_behaviour_foundation,ko,0.16,,,,,,,,,0.16,0.35,0.55,0.38,0.26,0.3
dino_ds/lanes/lane_02_tone_behaviour_foundation/lane_pt-br.yaml,lane_02_tone_behaviour_foundation,pt-br,0.18,,,,,,,,,0.18,0.35,0.55,0.38,0.26,0.3
dino_ds/lanes/lane_02_tone_behaviour_foundation/lane_th.yaml,lane_02_tone_behaviour_foundation,th,0.1,,,,,,,,,0.1,0.35,0.55,0.38,0.26,0.3
dino_ds/lanes/lane_02_tone_behaviour_foundation/lane_vi.yaml,lane_02_tone_behaviour_foundation,vi,0.18,,,,,,,,,0.18,0.35,0.55,0.38,0.26,0.3
dino_ds/lanes/lane_02_tone_behaviour_foundation/lane_zh-hans.yaml,lane_02_tone_behaviour_foundation,zh-hans,0.12,,,,,,,,,0.12,0.35,0.55,0.38,0.26,0.3
dino_ds/lanes/lane_02_tone_behaviour_foundation/lane_zh-hant.yaml,lane_02_tone_behaviour_foundation,zh-hant,0.12,,,,,,,,,0.12,0.35,0.55,0.38,0.26,0.3
dino_ds/lanes/lane_02_tone_behaviour_foundation/lane_zh-hk.yaml,lane_02_tone_behaviour_foundation,zh-hk,0.11,,,,,,,,,0.11,0.35,0.55,0.38,0.26,0.3
dino_ds/lanes/lane_03_think_mode/lane_de.yaml,lane_03_think_mode,de,0.25,,,,,,,,,0.25,0.35,0.55,0.38,0.26,0.3
dino_ds/lanes/lane_03_think_mode/lane_en.yaml,lane_03_think_mode,en,0.25,,,,,,,,,0.25,0.35,0.55,0.38,0.26,0.3
dino_ds/lanes/lane_03_think_mode/lane_es.yaml,lane_03_think_mode,es,0.25,,,,,,,,,0.25,0.35,0.55,0.38,0.26,0.3
dino_ds/lanes/lane_03_think_mode/lane_fr.yaml,lane_03_think_mode,fr,0.25,,,,,,,,,0.25,0.35,0.55,0.38,0.26,0.3
dino_ds/lanes/lane_03_think_mode/lane_hi.yaml,lane_03_think_mode,hi,0.25,,,,,,,,,0.25,0.35,0.55,0.38,0.26,0.3
dino_ds/lanes/lane_03_think_mode/lane_it.yaml,lane_03_think_mode,it,0.25,,,,,,,,,0.25,0.35,0.55,0.38,0.26,0.3
dino_ds/lanes/lane_03_think_mode/lane_ja.yaml,lane_03_think_mode,ja,0.25,,,,,,,,,0.25,0.35,0.55,0.38,0.26,0.3
dino_ds/lanes/lane_03_think_mode/lane_ko.yaml,lane_03_think_mode,ko,0.25,,,,,,,,,0.25,0.35,0.55,0.38,0.26,0.3
dino_ds/lanes/lane_03_think_mode/lane_pt-br.yaml,lane_03_think_mode,pt-br,0.25,,,,,,,,,0.25,0.35,0.55,0.38,0.26,0.3
dino_ds/lanes/lane_03_think_mode/lane_th.yaml,lane_03_think_mode,th,0.25,,,,,,,,,0.25,0.35,0.55,0.38,0.26,0.3
dino_ds/lanes/lane_03_think_mode/lane_vi.yaml,lane_03_think_mode,vi,0.25,,,,,,,,,0.25,0.35,0.55,0.38,0.26,0.3
dino_ds/lanes/lane_03_think_mode/lane_yaml/lane_de.yaml,lane_03_think_mode,de,0.3,,,,,,,,,0.3,0.35,0.55,0.38,0.26,0.3
dino_ds/lanes/lane_03_think_mode/lane_yaml/lane_en.yaml,lane_03_think_mode,en,0.3,,,,,,,,,0.3,0.35,0.55,0.38,0.26,0.3
dino_ds/lanes/lane_03_think_mode/lane_yaml/lane_es.yaml,lane_03_think_mode,es,0.3,,,,,,,,,0.3,0.35,0.55,0.38,0.26,0.3
dino_ds/lanes/lane_03_think_mode/lane_yaml/lane_fr.yaml,lane_03_think_mode,fr,0.3,,,,,,,,,0.3,0.35,0.55,0.38,0.26,0.3
dino_ds/lanes/lane_03_think_mode/lane_yaml/lane_hi.yaml,lane_03_think_mode,hi,0.3,,,,,,,,,0.3,0.35,0.55,0.38,0.26,0.3
dino_ds/lanes/lane_03_think_mode/lane_yaml/lane_it.yaml,lane_03_think_mode,it,0.3,,,,,,,,,0.3,0.35,0.55,0.38,0.26,0.3
dino_ds/lanes/lane_03_think_mode/lane_yaml/lane_ja.yaml,lane_03_think_mode,ja,0.3,,,,,,,,,0.3,0.35,0.55,0.38,0.26,0.3
dino_ds/lanes/lane_03_think_mode/lane_yaml/lane_ko.yaml,lane_03_think_mode,ko,0.3,,,,,,,,,0.3,0.35,0.55,0.38,0.26,0.3
dino_ds/lanes/lane_03_think_mode/lane_yaml/lane_pt-br.yaml,lane_03_think_mode,pt-br,0.3,,,,,,,,,0.3,0.35,0.55,0.38,0.26,0.3
dino_ds/lanes/lane_03_think_mode/lane_yaml/lane_th.yaml,lane_03_think_mode,th,0.3,,,,,,,,,0.3,0.35,0.55,0.38,0.26,0.3
dino_ds/lanes/lane_03_think_mode/lane_yaml/lane_vi.yaml,lane_03_think_mode,vi,0.3,,,,,,,,,0.3,0.35,0.55,0.38,0.26,0.3
dino_ds/lanes/lane_03_think_mode/lane_yaml/lane_zh-hans.yaml,lane_03_think_mode,zh-hans,0.3,,,,,,,,,0.3,0.35,0.55,0.38,0.26,0.3
dino_ds/lanes/lane_03_think_mode/lane_yaml/lane_zh-hant.yaml,lane_03_think_mode,zh-hant,0.3,,,,,,,,,0.3,0.35,0.55,0.38,0.26,0.3
dino_ds/lanes/lane_03_think_mode/lane_yaml/lane_zh-hk.yaml,lane_03_think_mode,zh-hk,0.3,,,,,,,,,0.3,0.35,0.55,0.38,0.26,0.3
dino_ds/lanes/lane_03_think_mode/lane_zh-hans.yaml,lane_03_think_mode,zh-hans,0.25,,,,,,,,,0.25,0.35,0.55,0.38,0.26,0.3
dino_ds/lanes/lane_03_think_mode/lane_zh-hant.yaml,lane_03_think_mode,zh-hant,0.25,,,,,,,,,0.25,0.35,0.55,0.38,0.26,0.3
dino_ds/lanes/lane_03_think_mode/lane_zh-hk.yaml,lane_03_think_mode,zh-hk,0.25,,,,,,,,,0.25,0.35,0.55,0.38,0.26,0.3
dino_ds/lanes/lane_04_quick_mode/lane_de.yaml,lane_04_quick_mode,de,0.3,,,,,,,,,0.3,0.35,0.55,0.38,0.26,0.3
dino_ds/lanes/lane_04_quick_mode/lane_en.yaml,lane_04_quick_mode,en,0.3,,,,,,,,,0.3,0.35,0.55,0.38,0.26,0.3
dino_ds/lanes/lane_04_quick_mode/lane_es.yaml,lane_04_quick_mode,es,0.3,,,,,,,,,0.3,0.35,0.55,0.38,0.26,0.3
dino_ds/lanes/lane_04_quick_mode/lane_fr.yaml,lane_04_quick_mode,fr,0.3,,,,,,,,,0.3,0.35,0.55,0.38,0.26,0.3
dino_ds/lanes/lane_04_quick_mode/lane_hi.yaml,lane_04_quick_mode,hi,0.3,,,,,,,,,0.3,0.35,0.55,0.38,0.26,0.3
dino_ds/lanes/lane_04_quick_mode/lane_it.yaml,lane_04_quick_mode,it,0.3,,,,,,,,,0.3,0.35,0.55,0.38,0.26,0.3
dino_ds/lanes/lane_04_quick_mode/lane_ja.yaml,lane_04_quick_mode,ja,0.3,,,,,,,,,0.3,0.35,0.55,0.38,0.26,0.3
dino_ds/lanes/lane_04_quick_mode/lane_ko.yaml,lane_04_quick_mode,ko,0.3,,,,,,,,,0.3,0.35,0.55,0.38,0.26,0.3
dino_ds/lanes/lane_04_quick_mode/lane_pt-br.yaml,lane_04_quick_mode,pt-br,0.3,,,,,,,,,0.3,0.35,0.55,0.38,0.26,0.3
dino_ds/lanes/lane_04_quick_mode/lane_th.yaml,lane_04_quick_mode,th,0.3,,,,,,,,,0.3,0.35,0.55,0.38,0.26,0.3
dino_ds/lanes/lane_04_quick_mode/lane_vi.yaml,lane_04_quick_mode,vi,0.3,,,,,,,,,0.3,0.35,0.55,0.38,0.26,0.3
dino_ds/lanes/lane_04_quick_mode/lane_zh-hans.yaml,lane_04_quick_mode,zh-hans,0.3,,,,,,,,,0.3,0.35,0.55,0.38,0.26,0.3
dino_ds/lanes/lane_04_quick_mode/lane_zh-hant.yaml,lane_04_quick_mode,zh-hant,0.3,,,,,,,,,0.3,0.35,0.55,0.38,0.26,0.3
dino_ds/lanes/lane_04_quick_mode/lane_zh-hk.yaml,lane_04_quick_mode,zh-hk,0.3,,,,,,,,,0.3,0.35,0.55,0.38,0.26,0.3
dino_ds/lanes/lane_05_conversation_mode/lane_de.yaml,lane_05_conversation_mode,de,0.5,,,,,,,,,0.5,0.35,0.55,0.38,0.26,0.3
dino_ds/lanes/lane_05_conversation_mode/lane_en.yaml,lane_05_conversation_mode,en,0.33,,,,,,,,,0.33,0.35,0.55,0.38,0.26,0.3
dino_ds/lanes/lane_05_conversation_mode/lane_es.yaml,lane_05_conversation_mode,es,0.5,,,,,,,,,0.5,0.35,0.55,0.38,0.26,0.3
dino_ds/lanes/lane_05_conversation_mode/lane_fr.yaml,lane_05_conversation_mode,fr,0.5,,,,,,,,,0.5,0.35,0.55,0.38,0.26,0.3
dino_ds/lanes/lane_05_conversation_mode/lane_hi.yaml,lane_05_conversation_mode,hi,0.5,,,,,,,,,0.5,0.35,0.55,0.38,0.26,0.3
dino_ds/lanes/lane_05_conversation_mode/lane_it.yaml,lane_05_conversation_mode,it,0.5,,,,,,,,,0.5,0.35,0.55,0.38,0.26,0.3
dino_ds/lanes/lane_05_conversation_mode/lane_ja.yaml,lane_05_conversation_mode,ja,0.5,,,,,,,,,0.5,0.35,0.55,0.38,0.26,0.3
dino_ds/lanes/lane_05_conversation_mode/lane_ko.yaml,lane_05_conversation_mode,ko,0.5,,,,,,,,,0.5,0.35,0.55,0.38,0.26,0.3
dino_ds/lanes/lane_05_conversation_mode/lane_pt-br.yaml,lane_05_conversation_mode,pt-br,0.5,,,,,,,,,0.5,0.35,0.55,0.38,0.26,0.3
dino_ds/lanes/lane_05_conversation_mode/lane_th.yaml,lane_05_conversation_mode,th,0.5,,,,,,,,,0.5,0.35,0.55,0.38,0.26,0.3
dino_ds/lanes/lane_05_conversation_mode/lane_vi.yaml,lane_05_conversation_mode,vi,0.5,,,,,,,,,0.5,0.35,0.55,0.38,0.26,0.3
dino_ds/lanes/lane_05_conversation_mode/lane_zh-hans.yaml,lane_05_conversation_mode,zh-hans,0.5,,,,,,,,,0.5,0.35,0.55,0.38,0.26,0.3
dino_ds/lanes/lane_05_conversation_mode/lane_zh-hant.yaml,lane_05_conversation_mode,zh-hant,0.5,,,,,,,,,0.5,0.35,0.55,0.38,0.26,0.3
dino_ds/lanes/lane_05_conversation_mode/lane_zh-hk.yaml,lane_05_conversation_mode,zh-hk,0.5,,,,,,,,,0.5,0.35,0.55,0.38,0.26,0.3
dino_ds/lanes/lane_06_general_intent_classification/lane_de.yaml,lane_06_general_intent_classification,de,0.3,,,,,,,,,0.3,0.35,0.55,0.38,0.26,0.3
dino_ds/lanes/lane_06_general_intent_classification/lane_en.yaml,lane_06_general_intent_classification,en,0.3,,,,,,,,,0.3,0.35,0.55,0.38,0.26,0.3
dino_ds/lanes/lane_06_general_intent_classification/lane_es.yaml,lane_06_general_intent_classification,es,0.3,,,,,,,,,0.3,0.35,0.55,0.38,0.26,0.3
dino_ds/lanes/lane_06_general_intent_classification/lane_fr.yaml,lane_06_general_intent_classification,fr,0.3,,,,,,,,,0.3,0.35,0.55,0.38,0.26,0.3
dino_ds/lanes/lane_06_general_intent_classification/lane_hi.yaml,lane_06_general_intent_classification,hi,0.3,,,,,,,,,0.3,0.35,0.55,0.38,0.26,0.3
dino_ds/lanes/lane_06_general_intent_classification/lane_it.yaml,lane_06_general_intent_classification,it,0.3,,,,,,,,,0.3,0.35,0.55,0.38,0.26,0.3
dino_ds/lanes/lane_06_general_intent_classification/lane_ja.yaml,lane_06_general_intent_classification,ja,0.3,,,,,,,,,0.3,0.35,0.55,0.38,0.26,0.3
dino_ds/lanes/lane_06_general_intent_classification/lane_ko.yaml,lane_06_general_intent_classification,ko,0.3,,,,,,,,,0.3,0.35,0.55,0.38,0.26,0.3
dino_ds/lanes/lane_06_general_intent_classification/lane_pt-br.yaml,lane_06_general_intent_classification,pt-br,0.3,,,,,,,,,0.3,0.35,0.55,0.38,0.26,0.3
dino_ds/lanes/lane_06_general_intent_classification/lane_th.yaml,lane_06_general_intent_classification,th,0.3,,,,,,,,,0.3,0.35,0.55,0.38,0.26,0.3
dino_ds/lanes/lane_06_general_intent_classification/lane_vi.yaml,lane_06_general_intent_classification,vi,0.3,,,,,,,,,0.3,0.35,0.55,0.38,0.26,0.3
dino_ds/lanes/lane_06_general_intent_classification/lane_zh-hans.yaml,lane_06_general_intent_classification,zh-hans,0.3,,,,,,,,,0.3,0.35,0.55,0.38,0.26,0.3
dino_ds/lanes/lane_06_general_intent_classification/lane_zh-hant.yaml,lane_06_general_intent_classification,zh-hant,0.3,,,,,,,,,0.3,0.35,0.55,0.38,0.26,0.3
dino_ds/lanes/lane_06_general_intent_classification/lane_zh-hk.yaml,lane_06_general_intent_classification,zh-hk,0.3,,,,,,,,,0.3,0.35,0.55,0.38,0.26,0.3
dino_ds/lanes/lane_07_search_triggering/lane_de.yaml,lane_07_search_triggering,de,0.3,,,,,,,,,0.3,0.35,0.55,0.38,0.26,0.3
dino_ds/lanes/lane_07_search_triggering/lane_en.yaml,lane_07_search_triggering,en,0.3,,,,,,,,,0.3,0.35,0.55,0.38,0.26,0.3
dino_ds/lanes/lane_07_search_triggering/lane_es.yaml,lane_07_search_triggering,es,0.3,,,,,,,,,0.3,0.35,0.55,0.38,0.26,0.3
dino_ds/lanes/lane_07_search_triggering/lane_fr.yaml,lane_07_search_triggering,fr,0.3,,,,,,,,,0.3,0.35,0.55,0.38,0.26,0.3
dino_ds/lanes/lane_07_search_triggering/lane_hi.yaml,lane_07_search_triggering,hi,0.3,,,,,,,,,0.3,0.35,0.55,0.38,0.26,0.3
dino_ds/lanes/lane_07_search_triggering/lane_it.yaml,lane_07_search_triggering,it,0.3,,,,,,,,,0.3,0.35,0.55,0.38,0.26,0.3
dino_ds/lanes/lane_07_search_triggering/lane_ja.yaml,lane_07_search_triggering,ja,0.3,,,,,,,,,0.3,0.35,0.55,0.38,0.26,0.3
dino_ds/lanes/lane_07_search_triggering/lane_ko.yaml,lane_07_search_triggering,ko,0.3,,,,,,,,,0.3,0.35,0.55,0.38,0.26,0.3
dino_ds/lanes/lane_07_search_triggering/lane_pt-br.yaml,lane_07_search_triggering,pt-br,0.3,,,,,,,,,0.3,0.35,0.55,0.38,0.26,0.3
dino_ds/lanes/lane_07_search_triggering/lane_th.yaml,lane_07_search_triggering,th,0.3,,,,,,,,,0.3,0.35,0.55,0.38,0.26,0.3
dino_ds/lanes/lane_07_search_triggering/lane_vi.yaml,lane_07_search_triggering,vi,0.3,,,,,,,,,0.3,0.35,0.55,0.38,0.26,0.3
dino_ds/lanes/lane_07_search_triggering/lane_zh-hans.yaml,lane_07_search_triggering,zh-hans,0.3,,,,,,,,,0.3,0.35,0.55,0.38,0.26,0.3
dino_ds/lanes/lane_07_search_triggering/lane_zh-hant.yaml,lane_07_search_triggering,zh-hant,0.3,,,,,,,,,0.3,0.35,0.55,0.38,0.26,0.3
dino_ds/lanes/lane_07_search_triggering/lane_zh-hk.yaml,lane_07_search_triggering,zh-hk,0.3,,,,,,,,,0.3,0.35,0.55,0.38,0.26,0.3
dino_ds/lanes/lane_08_search_integration/lane_08_yaml/lane_de.yaml,lane_08_search_integration,de,0.3,,,,,,,,,0.3,0.35,0.55,0.38,0.26,0.3
dino_ds/lanes/lane_08_search_integration/lane_08_yaml/lane_en.yaml,lane_08_search_integration,en,0.3,,,,,,,,,0.3,0.35,0.55,0.38,0.26,0.3
dino_ds/lanes/lane_08_search_integration/lane_08_yaml/lane_es.yaml,lane_08_search_integration,es,0.3,,,,,,,,,0.3,0.35,0.55,0.38,0.26,0.3
dino_ds/lanes/lane_08_search_integration/lane_08_yaml/lane_fr.yaml,lane_08_search_integration,fr,0.3,,,,,,,,,0.3,0.35,0.55,0.38,0.26,0.3
dino_ds/lanes/lane_08_search_integration/lane_08_yaml/lane_hi.yaml,lane_08_search_integration,hi,0.3,,,,,,,,,0.3,0.35,0.55,0.38,0.26,0.3
dino_ds/lanes/lane_08_search_integration/lane_08_yaml/lane_it.yaml,lane_08_search_integration,it,0.3,,,,,,,,,0.3,0.35,0.55,0.38,0.26,0.3
dino_ds/lanes/lane_08_search_integration/lane_08_yaml/lane_ja.yaml,lane_08_search_integration,ja,0.3,,,,,,,,,0.3,0.35,0.55,0.38,0.26,0.3
dino_ds/lanes/lane_08_search_integration/lane_08_yaml/lane_ko.yaml,lane_08_search_integration,ko,0.3,,,,,,,,,0.3,0.35,0.55,0.38,0.26,0.3
dino_ds/lanes/lane_08_search_integration/lane_08_yaml/lane_pt-br.yaml,lane_08_search_integration,pt-br,0.3,,,,,,,,,0.3,0.35,0.55,0.38,0.26,0.3
dino_ds/lanes/lane_08_search_integration/lane_08_yaml/lane_th.yaml,lane_08_search_integration,th,0.3,,,,,,,,,0.3,0.35,0.55,0.38,0.26,0.3
dino_ds/lanes/lane_08_search_integration/lane_08_yaml/lane_vi.yaml,lane_08_search_integration,vi,0.3,,,,,,,,,0.3,0.35,0.55,0.38,0.26,0.3
dino_ds/lanes/lane_08_search_integration/lane_08_yaml/lane_zh-hans.yaml,lane_08_search_integration,zh-hans,0.3,,,,,,,,,0.3,0.35,0.55,0.38,0.26,0.3
dino_ds/lanes/lane_08_search_integration/lane_08_yaml/lane_zh-hant.yaml,lane_08_search_integration,zh-hant,0.3,,,,,,,,,0.3,0.35,0.55,0.38,0.26,0.3
dino_ds/lanes/lane_08_search_integration/lane_08_yaml/lane_zh-hk.yaml,lane_08_search_integration,zh-hk,0.3,,,,,,,,,0.3,0.35,0.55,0.38,0.26,0.3
dino_ds/lanes/lane_08_search_integration/lane_de.yaml,lane_08_search_integration,de,0.3,,,,,,,,,0.3,0.35,0.55,0.38,0.26,0.3
dino_ds/lanes/lane_08_search_integration/lane_en.yaml,lane_08_search_integration,en,0.3,,,,,,,,,0.3,0.35,0.55,0.38,0.26,0.3
dino_ds/lanes/lane_08_search_integration/lane_es.yaml,lane_08_search_integration,es,0.3,,,,,,,,,0.3,0.35,0.55,0.38,0.26,0.3
dino_ds/lanes/lane_08_search_integration/lane_fr.yaml,lane_08_search_integration,fr,0.3,,,,,,,,,0.3,0.35,0.55,0.38,0.26,0.3
dino_ds/lanes/lane_08_search_integration/lane_hi.yaml,lane_08_search_integration,hi,0.3,,,,,,,,,0.3,0.35,0.55,0.38,0.26,0.3
dino_ds/lanes/lane_08_search_integration/lane_it.yaml,lane_08_search_integration,it,0.3,,,,,,,,,0.3,0.35,0.55,0.38,0.26,0.3
dino_ds/lanes/lane_08_search_integration/lane_ja.yaml,lane_08_search_integration,ja,0.3,,,,,,,,,0.3,0.35,0.55,0.38,0.26,0.3
dino_ds/lanes/lane_08_search_integration/lane_ko.yaml,lane_08_search_integration,ko,0.3,,,,,,,,,0.3,0.35,0.55,0.38,0.26,0.3
dino_ds/lanes/lane_08_search_integration/lane_pt-br.yaml,lane_08_search_integration,pt-br,0.3,,,,,,,,,0.3,0.35,0.55,0.38,0.26,0.3
dino_ds/lanes/lane_08_search_integration/lane_th.yaml,lane_08_search_integration,th,0.3,,,,,,,,,0.3,0.35,0.55,0.38,0.26,0.3
dino_ds/lanes/lane_08_search_integration/lane_vi.yaml,lane_08_search_integration,vi,0.3,,,,,,,,,0.3,0.35,0.55,0.38,0.26,0.3
dino_ds/lanes/lane_08_search_integration/lane_zh-hans.yaml,lane_08_search_integration,zh-hans,0.3,,,,,,,,,0.3,0.35,0.55,0.38,0.26,0.3
dino_ds/lanes/lane_08_search_integration/lane_zh-hant.yaml,lane_08_search_integration,zh-hant,0.3,,,,,,,,,0.3,0.35,0.55,0.38,0.26,0.3
dino_ds/lanes/lane_08_search_integration/lane_zh-hk.yaml,lane_08_search_integration,zh-hk,0.3,,,,,,,,,0.3,0.35,0.55,0.38,0.26,0.3
dino_ds/lanes/lane_09_multi_step_action_flow/lane_de.yaml,lane_09_multi_step_action_flow,de,0.3,,,,,,,,,0.3,0.35,0.55,0.38,0.26,0.3
dino_ds/lanes/lane_09_multi_step_action_flow/lane_en.yaml,lane_09_multi_step_action_flow,en,0.3,,,,,,,,,0.3,0.35,0.55,0.38,0.26,0.3
dino_ds/lanes/lane_09_multi_step_action_flow/lane_es.yaml,lane_09_multi_step_action_flow,es,0.3,,,,,,,,,0.3,0.35,0.55,0.38,0.26,0.3
dino_ds/lanes/lane_09_multi_step_action_flow/lane_fr.yaml,lane_09_multi_step_action_flow,fr,0.3,,,,,,,,,0.3,0.35,0.55,0.38,0.26,0.3
dino_ds/lanes/lane_09_multi_step_action_flow/lane_hi.yaml,lane_09_multi_step_action_flow,hi,0.3,,,,,,,,,0.3,0.35,0.55,0.38,0.26,0.3
dino_ds/lanes/lane_09_multi_step_action_flow/lane_it.yaml,lane_09_multi_step_action_flow,it,0.3,,,,,,,,,0.3,0.35,0.55,0.38,0.26,0.3
dino_ds/lanes/lane_09_multi_step_action_flow/lane_ja.yaml,lane_09_multi_step_action_flow,ja,0.3,,,,,,,,,0.3,0.35,0.55,0.38,0.26,0.3
dino_ds/lanes/lane_09_multi_step_action_flow/lane_ko.yaml,lane_09_multi_step_action_flow,ko,0.3,,,,,,,,,0.3,0.35,0.55,0.38,0.26,0.3
dino_ds/lanes/lane_09_multi_step_action_flow/lane_pt-br.yaml,lane_09_multi_step_action_flow,pt-br,0.3,,,,,,,,,0.3,0.35,0.55,0.38,0.26,0.3
dino_ds/lanes/lane_09_multi_step_action_flow/lane_th.yaml,lane_09_multi_step_action_flow,th,0.3,,,,,,,,,0.3,0.35,0.55,0.38,0.26,0.3
dino_ds/lanes/lane_09_multi_step_action_flow/lane_vi.yaml,lane_09_multi_step_action_flow,vi,0.3,,,,,,,,,0.3,0.35,0.55,0.38,0.26,0.3
dino_ds/lanes/lane_09_multi_step_action_flow/lane_zh-hans.yaml,lane_09_multi_step_action_flow,zh-hans,0.3,,,,,,,,,0.3,0.35,0.55,0.38,0.26,0.3
dino_ds/lanes/lane_09_multi_step_action_flow/lane_zh-hant.yaml,lane_09_multi_step_action_flow,zh-hant,0.3,,,,,,,,,0.3,0.35,0.55,0.38,0.26,0.3
dino_ds/lanes/lane_09_multi_step_action_flow/lane_zh-hk.yaml,lane_09_multi_step_action_flow,zh-hk,0.3,,,,,,,,,0.3,0.35,0.55,0.38,0.26,0.3
dino_ds/lanes/lane_10_connector_intent_detection/lane_de.yaml,lane_10_connector_intent_detection,de,0.3,,,,,,,,,0.3,0.35,0.55,0.38,0.26,0.3
dino_ds/lanes/lane_10_connector_intent_detection/lane_en.yaml,lane_10_connector_intent_detection,en,0.3,,,,,,,,,0.3,0.35,0.55,0.38,0.26,0.3
dino_ds/lanes/lane_10_connector_intent_detection/lane_es.yaml,lane_10_connector_intent_detection,es,0.3,,,,,,,,,0.3,0.35,0.55,0.38,0.26,0.3
dino_ds/lanes/lane_10_connector_intent_detection/lane_fr.yaml,lane_10_connector_intent_detection,fr,0.3,,,,,,,,,0.3,0.35,0.55,0.38,0.26,0.3
dino_ds/lanes/lane_10_connector_intent_detection/lane_hi.yaml,lane_10_connector_intent_detection,hi,0.3,,,,,,,,,0.3,0.35,0.55,0.38,0.26,0.3
dino_ds/lanes/lane_10_connector_intent_detection/lane_it.yaml,lane_10_connector_intent_detection,it,0.3,,,,,,,,,0.3,0.35,0.55,0.38,0.26,0.3
dino_ds/lanes/lane_10_connector_intent_detection/lane_ja.yaml,lane_10_connector_intent_detection,ja,0.3,,,,,,,,,0.3,0.35,0.55,0.38,0.26,0.3
dino_ds/lanes/lane_10_connector_intent_detection/lane_ko.yaml,lane_10_connector_intent_detection,ko,0.3,,,,,,,,,0.3,0.35,0.55,0.38,0.26,0.3
dino_ds/lanes/lane_10_connector_intent_detection/lane_pt-br.yaml,lane_10_connector_intent_detection,pt-br,0.3,,,,,,,,,0.3,0.35,0.55,0.38,0.26,0.3
dino_ds/lanes/lane_10_connector_intent_detection/lane_th.yaml,lane_10_connector_intent_detection,th,0.3,,,,,,,,,0.3,0.35,0.55,0.38,0.26,0.3
dino_ds/lanes/lane_10_connector_intent_detection/lane_vi.yaml,lane_10_connector_intent_detection,vi,0.3,,,,,,,,,0.3,0.35,0.55,0.38,0.26,0.3
dino_ds/lanes/lane_10_connector_intent_detection/lane_zh-hans.yaml,lane_10_connector_intent_detection,zh-hans,0.3,,,,,,,,,0.3,0.35,0.55,0.38,0.26,0.3
dino_ds/lanes/lane_10_connector_intent_detection/lane_zh-hant.yaml,lane_10_connector_intent_detection,zh-hant,0.3,,,,,,,,,0.3,0.35,0.55,0.38,0.26,0.3
dino_ds/lanes/lane_10_connector_intent_detection/lane_zh-hk.yaml,lane_10_connector_intent_detection,zh-hk,0.3,,,,,,,,,0.3,0.35,0.55,0.38,0.26,0.3
dino_ds/lanes/lane_11_connector_action_mapping/lane_de.yaml,lane_11_connector_action_mapping,de,0.3,,,,,,,,,0.3,0.35,0.55,0.38,0.26,0.3
dino_ds/lanes/lane_11_connector_action_mapping/lane_en.yaml,lane_11_connector_action_mapping,en,0.3,,,,,,,,,0.3,0.35,0.55,0.38,0.26,0.3
dino_ds/lanes/lane_11_connector_action_mapping/lane_es.yaml,lane_11_connector_action_mapping,es,0.3,,,,,,,,,0.3,0.35,0.55,0.38,0.26,0.3
dino_ds/lanes/lane_11_connector_action_mapping/lane_fr.yaml,lane_11_connector_action_mapping,fr,0.3,,,,,,,,,0.3,0.35,0.55,0.38,0.26,0.3
dino_ds/lanes/lane_11_connector_action_mapping/lane_hi.yaml,lane_11_connector_action_mapping,hi,0.3,,,,,,,,,0.3,0.35,0.55,0.38,0.26,0.3
dino_ds/lanes/lane_11_connector_action_mapping/lane_it.yaml,lane_11_connector_action_mapping,it,0.3,,,,,,,,,0.3,0.35,0.55,0.38,0.26,0.3
dino_ds/lanes/lane_11_connector_action_mapping/lane_ja.yaml,lane_11_connector_action_mapping,ja,0.3,,,,,,,,,0.3,0.35,0.55,0.38,0.26,0.3
dino_ds/lanes/lane_11_connector_action_mapping/lane_ko.yaml,lane_11_connector_action_mapping,ko,0.3,,,,,,,,,0.3,0.35,0.55,0.38,0.26,0.3
dino_ds/lanes/lane_11_connector_action_mapping/lane_pt-br.yaml,lane_11_connector_action_mapping,pt-br,0.3,,,,,,,,,0.3,0.35,0.55,0.38,0.26,0.3
dino_ds/lanes/lane_11_connector_action_mapping/lane_th.yaml,lane_11_connector_action_mapping,th,0.3,,,,,,,,,0.3,0.35,0.55,0.38,0.26,0.3
dino_ds/lanes/lane_11_connector_action_mapping/lane_vi.yaml,lane_11_connector_action_mapping,vi,0.3,,,,,,,,,0.3,0.35,0.55,0.38,0.26,0.3
dino_ds/lanes/lane_11_connector_action_mapping/lane_zh-hans.yaml,lane_11_connector_action_mapping,zh-hans,0.3,,,,,,,,,0.3,0.35,0.55,0.38,0.26,0.3
dino_ds/lanes/lane_11_connector_action_mapping/lane_zh-hant.yaml,lane_11_connector_action_mapping,zh-hant,0.3,,,,,,,,,0.3,0.35,0.55,0.38,0.26,0.3
dino_ds/lanes/lane_11_connector_action_mapping/lane_zh-hk.yaml,lane_11_connector_action_mapping,zh-hk,0.3,,,,,,,,,0.3,0.35,0.55,0.38,0.26,0.3
dino_ds/lanes/lane_12_deeplink_action_mapping/lane_de.yaml,lane_12_deeplink_action_mapping,de,0.3,,,,,,,,,0.3,0.35,0.55,0.38,0.26,0.3
dino_ds/lanes/lane_12_deeplink_action_mapping/lane_en.yaml,lane_12_deeplink_action_mapping,en,0.3,,,,,,,,,0.3,0.35,0.55,0.38,0.26,0.3
dino_ds/lanes/lane_12_deeplink_action_mapping/lane_es.yaml,lane_12_deeplink_action_mapping,es,0.3,,,,,,,,,0.3,0.35,0.55,0.38,0.26,0.3
dino_ds/lanes/lane_12_deeplink_action_mapping/lane_fr.yaml,lane_12_deeplink_action_mapping,fr,0.3,,,,,,,,,0.3,0.35,0.55,0.38,0.26,0.3
dino_ds/lanes/lane_12_deeplink_action_mapping/lane_hi.yaml,lane_12_deeplink_action_mapping,hi,0.3,,,,,,,,,0.3,0.35,0.55,0.38,0.26,0.3
dino_ds/lanes/lane_12_deeplink_action_mapping/lane_it.yaml,lane_12_deeplink_action_mapping,it,0.3,,,,,,,,,0.3,0.35,0.55,0.38,0.26,0.3
dino_ds/lanes/lane_12_deeplink_action_mapping/lane_ja.yaml,lane_12_deeplink_action_mapping,ja,0.3,,,,,,,,,0.3,0.35,0.55,0.38,0.26,0.3
dino_ds/lanes/lane_12_deeplink_action_mapping/lane_ko.yaml,lane_12_deeplink_action_mapping,ko,0.3,,,,,,,,,0.3,0.35,0.55,0.38,0.26,0.3
dino_ds/lanes/lane_12_deeplink_action_mapping/lane_pt-br.yaml,lane_12_deeplink_action_mapping,pt-br,0.3,,,,,,,,,0.3,0.35,0.55,0.38,0.26,0.3
dino_ds/lanes/lane_12_deeplink_action_mapping/lane_th.yaml,lane_12_deeplink_action_mapping,th,0.3,,,,,,,,,0.3,0.35,0.55,0.38,0.26,0.3
dino_ds/lanes/lane_12_deeplink_action_mapping/lane_vi.yaml,lane_12_deeplink_action_mapping,vi,0.3,,,,,,,,,0.3,0.35,0.55,0.38,0.26,0.3
dino_ds/lanes/lane_12_deeplink_action_mapping/lane_zh-hans.yaml,lane_12_deeplink_action_mapping,zh-hans,0.3,,,,,,,,,0.3,0.35,0.55,0.38,0.26,0.3
dino_ds/lanes/lane_12_deeplink_action_mapping/lane_zh-hant.yaml,lane_12_deeplink_action_mapping,zh-hant,0.3,,,,,,,,,0.3,0.35,0.55,0.38,0.26,0.3
dino_ds/lanes/lane_12_deeplink_action_mapping/lane_zh-hk.yaml,lane_12_deeplink_action_mapping,zh-hk,0.3,,,,,,,,,0.3,0.35,0.55,0.38,0.26,0.3
dino_ds/lanes/lane_13_doc_export_spec/lane_de.yaml,lane_13_doc_export_spec,de,0.3,,,,,,,,,0.3,0.35,0.55,0.38,0.26,0.3
dino_ds/lanes/lane_13_doc_export_spec/lane_en.yaml,lane_13_doc_export_spec,en,0.3,,,,,,,,,0.3,0.35,0.55,0.38,0.26,0.3
dino_ds/lanes/lane_13_doc_export_spec/lane_es.yaml,lane_13_doc_export_spec,es,0.3,,,,,,,,,0.3,0.35,0.55,0.38,0.26,0.3
dino_ds/lanes/lane_13_doc_export_spec/lane_fr.yaml,lane_13_doc_export_spec,fr,0.3,,,,,,,,,0.3,0.35,0.55,0.38,0.26,0.3
dino_ds/lanes/lane_13_doc_export_spec/lane_hi.yaml,lane_13_doc_export_spec,hi,0.3,,,,,,,,,0.3,0.35,0.55,0.38,0.26,0.3
dino_ds/lanes/lane_13_doc_export_spec/lane_it.yaml,lane_13_doc_export_spec,it,0.3,,,,,,,,,0.3,0.35,0.55,0.38,0.26,0.3
dino_ds/lanes/lane_13_doc_export_spec/lane_ja.yaml,lane_13_doc_export_spec,ja,0.3,,,,,,,,,0.3,0.35,0.55,0.38,0.26,0.3
dino_ds/lanes/lane_13_doc_export_spec/lane_ko.yaml,lane_13_doc_export_spec,ko,0.3,,,,,,,,,0.3,0.35,0.55,0.38,0.26,0.3
dino_ds/lanes/lane_13_doc_export_spec/lane_pt-br.yaml,lane_13_doc_export_spec,pt-br,0.3,,,,,,,,,0.3,0.35,0.55,0.38,0.26,0.3
dino_ds/lanes/lane_13_doc_export_spec/lane_th.yaml,lane_13_doc_export_spec,th,0.3,,,,,,,,,0.3,0.35,0.55,0.38,0.26,0.3
dino_ds/lanes/lane_13_doc_export_spec/lane_vi.yaml,lane_13_doc_export_spec,vi,0.3,,,,,,,,,0.3,0.35,0.55,0.38,0.26,0.3
dino_ds/lanes/lane_13_doc_export_spec/lane_zh-hans.yaml,lane_13_doc_export_spec,zh-hans,0.3,,,,,,,,,0.3,0.35,0.55,0.38,0.26,0.3
dino_ds/lanes/lane_13_doc_export_spec/lane_zh-hant.yaml,lane_13_doc_export_spec,zh-hant,0.3,,,,,,,,,0.3,0.35,0.55,0.38,0.26,0.3
dino_ds/lanes/lane_13_doc_export_spec/lane_zh-hk.yaml,lane_13_doc_export_spec,zh-hk,0.3,,,,,,,,,0.3,0.35,0.55,0.38,0.26,0.3
dino_ds/lanes/lane_14_zip_wrap_spec/lane_de.yaml,lane_14_zip_wrap_spec,de,0.3,,,,,,,,,0.3,0.35,0.55,0.38,0.26,0.3
dino_ds/lanes/lane_14_zip_wrap_spec/lane_en.yaml,lane_14_zip_wrap_spec,en,0.3,,,,,,,,,0.3,0.35,0.55,0.38,0.26,0.3
dino_ds/lanes/lane_14_zip_wrap_spec/lane_es.yaml,lane_14_zip_wrap_spec,es,0.3,,,,,,,,,0.3,0.35,0.55,0.38,0.26,0.3
dino_ds/lanes/lane_14_zip_wrap_spec/lane_fr.yaml,lane_14_zip_wrap_spec,fr,0.3,,,,,,,,,0.3,0.35,0.55,0.38,0.26,0.3
dino_ds/lanes/lane_14_zip_wrap_spec/lane_hi.yaml,lane_14_zip_wrap_spec,hi,0.3,,,,,,,,,0.3,0.35,0.55,0.38,0.26,0.3
dino_ds/lanes/lane_14_zip_wrap_spec/lane_it.yaml,lane_14_zip_wrap_spec,it,0.3,,,,,,,,,0.3,0.35,0.55,0.38,0.26,0.3
dino_ds/lanes/lane_14_zip_wrap_spec/lane_ja.yaml,lane_14_zip_wrap_spec,ja,0.3,,,,,,,,,0.3,0.35,0.55,0.38,0.26,0.3
dino_ds/lanes/lane_14_zip_wrap_spec/lane_ko.yaml,lane_14_zip_wrap_spec,ko,0.3,,,,,,,,,0.3,0.35,0.55,0.38,0.26,0.3
dino_ds/lanes/lane_14_zip_wrap_spec/lane_pt-br.yaml,lane_14_zip_wrap_spec,pt-br,0.3,,,,,,,,,0.3,0.35,0.55,0.38,0.26,0.3
dino_ds/lanes/lane_14_zip_wrap_spec/lane_th.yaml,lane_14_zip_wrap_spec,th,0.3,,,,,,,,,0.3,0.35,0.55,0.38,0.26,0.3
dino_ds/lanes/lane_14_zip_wrap_spec/lane_vi.yaml,lane_14_zip_wrap_spec,vi,0.3,,,,,,,,,0.3,0.35,0.55,0.38,0.26,0.3
dino_ds/lanes/lane_14_zip_wrap_spec/lane_zh-hans.yaml,lane_14_zip_wrap_spec,zh-hans,0.3,,,,,,,,,0.3,0.35,0.55,0.38,0.26,0.3
dino_ds/lanes/lane_14_zip_wrap_spec/lane_zh-hant.yaml,lane_14_zip_wrap_spec,zh-hant,0.3,,,,,,,,,0.3,0.35,0.55,0.38,0.26,0.3
dino_ds/lanes/lane_14_zip_wrap_spec/lane_zh-hk.yaml,lane_14_zip_wrap_spec,zh-hk,0.3,,,,,,,,,0.3,0.35,0.55,0.38,0.26,0.3
dino_ds/lanes/lane_15_code_generation/lane_de.yaml,lane_15_code_generation,de,0.3,,,,,,,,,0.3,0.35,0.55,0.38,0.26,0.3
dino_ds/lanes/lane_15_code_generation/lane_en.yaml,lane_15_code_generation,en,0.3,,,,,,,,,0.3,0.35,0.55,0.38,0.26,0.3
dino_ds/lanes/lane_15_code_generation/lane_es.yaml,lane_15_code_generation,es,0.3,,,,,,,,,0.3,0.35,0.55,0.38,0.26,0.3
dino_ds/lanes/lane_15_code_generation/lane_fr.yaml,lane_15_code_generation,fr,0.3,,,,,,,,,0.3,0.35,0.55,0.38,0.26,0.3
dino_ds/lanes/lane_15_code_generation/lane_hi.yaml,lane_15_code_generation,hi,0.3,,,,,,,,,0.3,0.35,0.55,0.38,0.26,0.3
dino_ds/lanes/lane_15_code_generation/lane_it.yaml,lane_15_code_generation,it,0.3,,,,,,,,,0.3,0.35,0.55,0.38,0.26,0.3
dino_ds/lanes/lane_15_code_generation/lane_ja.yaml,lane_15_code_generation,ja,0.3,,,,,,,,,0.3,0.35,0.55,0.38,0.26,0.3
dino_ds/lanes/lane_15_code_generation/lane_ko.yaml,lane_15_code_generation,ko,0.3,,,,,,,,,0.3,0.35,0.55,0.38,0.26,0.3
dino_ds/lanes/lane_15_code_generation/lane_pt-br.yaml,lane_15_code_generation,pt-br,0.3,,,,,,,,,0.3,0.35,0.55,0.38,0.26,0.3
dino_ds/lanes/lane_15_code_generation/lane_th.yaml,lane_15_code_generation,th,0.3,,,,,,,,,0.3,0.35,0.55,0.38,0.26,0.3
dino_ds/lanes/lane_15_code_generation/lane_vi.yaml,lane_15_code_generation,vi,0.3,,,,,,,,,0.3,0.35,0.55,0.38,0.26,0.3
dino_ds/lanes/lane_15_code_generation/lane_zh-hans.yaml,lane_15_code_generation,zh-hans,0.3,,,,,,,,,0.3,0.35,0.55,0.38,0.26,0.3
dino_ds/lanes/lane_15_code_generation/lane_zh-hant.yaml,lane_15_code_generation,zh-hant,0.3,,,,,,,,,0.3,0.35,0.55,0.38,0.26,0.3
dino_ds/lanes/lane_15_code_generation/lane_zh-hk.yaml,lane_15_code_generation,zh-hk,0.3,,,,,,,,,0.3,0.35,0.55,0.38,0.26,0.3
dino_ds/lanes/lane_16_code_json_spec_mode/lane_de.yaml,lane_16_code_json_spec_mode,de,0.3,,,,,,,,,0.3,0.35,0.55,0.38,0.26,0.3
dino_ds/lanes/lane_16_code_json_spec_mode/lane_en.yaml,lane_16_code_json_spec_mode,en,0.3,,,,,,,,,0.3,0.35,0.55,0.38,0.26,0.3
dino_ds/lanes/lane_16_code_json_spec_mode/lane_es.yaml,lane_16_code_json_spec_mode,es,0.3,,,,,,,,,0.3,0.35,0.55,0.38,0.26,0.3
dino_ds/lanes/lane_16_code_json_spec_mode/lane_fr.yaml,lane_16_code_json_spec_mode,fr,0.3,,,,,,,,,0.3,0.35,0.55,0.38,0.26,0.3
dino_ds/lanes/lane_16_code_json_spec_mode/lane_hi.yaml,lane_16_code_json_spec_mode,hi,0.3,,,,,,,,,0.3,0.35,0.55,0.38,0.26,0.3
dino_ds/lanes/lane_16_code_json_spec_mode/lane_it.yaml,lane_16_code_json_spec_mode,it,0.3,,,,,,,,,0.3,0.35,0.55,0.38,0.26,0.3
dino_ds/lanes/lane_16_code_json_spec_mode/lane_ja.yaml,lane_16_code_json_spec_mode,ja,0.3,,,,,,,,,0.3,0.35,0.55,0.38,0.26,0.3
dino_ds/lanes/lane_16_code_json_spec_mode/lane_ko.yaml,lane_16_code_json_spec_mode,ko,0.3,,,,,,,,,0.3,0.35,0.55,0.38,0.26,0.3
dino_ds/lanes/lane_16_code_json_spec_mode/lane_pt-br.yaml,lane_16_code_json_spec_mode,pt-br,0.3,,,,,,,,,0.3,0.35,0.55,0.38,0.26,0.3
dino_ds/lanes/lane_16_code_json_spec_mode/lane_th.yaml,lane_16_code_json_spec_mode,th,0.3,,,,,,,,,0.3,0.35,0.55,0.38,0.26,0.3
dino_ds/lanes/lane_16_code_json_spec_mode/lane_vi.yaml,lane_16_code_json_spec_mode,vi,0.3,,,,,,,,,0.3,0.35,0.55,0.38,0.26,0.3
dino_ds/lanes/lane_16_code_json_spec_mode/lane_zh-hans.yaml,lane_16_code_json_spec_mode,zh-hans,0.3,,,,,,,,,0.3,0.35,0.55,0.38,0.26,0.3
dino_ds/lanes/lane_16_code_json_spec_mode/lane_zh-hant.yaml,lane_16_code_json_spec_mode,zh-hant,0.3,,,,,,,,,0.3,0.35,0.55,0.38,0.26,0.3
dino_ds/lanes/lane_16_code_json_spec_mode/lane_zh-hk.yaml,lane_16_code_json_spec_mode,zh-hk,0.3,,,,,,,,,0.3,0.35,0.55,0.38,0.26,0.3
dino_ds/lanes/lane_17_comparison_tables/lane_de.yaml,lane_17_comparison_tables,de,0.3,,,,,,,,,0.3,0.35,0.55,0.38,0.26,0.3
dino_ds/lanes/lane_17_comparison_tables/lane_en.yaml,lane_17_comparison_tables,en,0.3,,,,,,,,,0.3,0.35,0.55,0.38,0.26,0.3
dino_ds/lanes/lane_17_comparison_tables/lane_es.yaml,lane_17_comparison_tables,es,0.3,,,,,,,,,0.3,0.35,0.55,0.38,0.26,0.3
dino_ds/lanes/lane_17_comparison_tables/lane_fr.yaml,lane_17_comparison_tables,fr,0.3,,,,,,,,,0.3,0.35,0.55,0.38,0.26,0.3
dino_ds/lanes/lane_17_comparison_tables/lane_hi.yaml,lane_17_comparison_tables,hi,0.3,,,,,,,,,0.3,0.35,0.55,0.38,0.26,0.3
dino_ds/lanes/lane_17_comparison_tables/lane_it.yaml,lane_17_comparison_tables,it,0.3,,,,,,,,,0.3,0.35,0.55,0.38,0.26,0.3
dino_ds/lanes/lane_17_comparison_tables/lane_ja.yaml,lane_17_comparison_tables,ja,0.3,,,,,,,,,0.3,0.35,0.55,0.38,0.26,0.3
dino_ds/lanes/lane_17_comparison_tables/lane_ko.yaml,lane_17_comparison_tables,ko,0.3,,,,,,,,,0.3,0.35,0.55,0.38,0.26,0.3
dino_ds/lanes/lane_17_comparison_tables/lane_pt-br.yaml,lane_17_comparison_tables,pt-br,0.3,,,,,,,,,0.3,0.35,0.55,0.38,0.26,0.3
dino_ds/lanes/lane_17_comparison_tables/lane_th.yaml,lane_17_comparison_tables,th,0.3,,,,,,,,,0.3,0.35,0.55,0.38,0.26,0.3
dino_ds/lanes/lane_17_comparison_tables/lane_vi.yaml,lane_17_comparison_tables,vi,0.3,,,,,,,,,0.3,0.35,0.55,0.38,0.26,0.3
dino_ds/lanes/lane_17_comparison_tables/lane_zh-hans.yaml,lane_17_comparison_tables,zh-hans,0.3,,,,,,,,,0.3,0.35,0.55,0.38,0.26,0.3
dino_ds/lanes/lane_17_comparison_tables/lane_zh-hant.yaml,lane_17_comparison_tables,zh-hant,0.3,,,,,,,,,0.3,0.35,0.55,0.38,0.26,0.3
dino_ds/lanes/lane_17_comparison_tables/lane_zh-hk.yaml,lane_17_comparison_tables,zh-hk,0.3,,,,,,,,,0.3,0.35,0.55,0.38,0.26,0.3
dino_ds/lanes/lane_18_chart_spec/lane_de.yaml,lane_18_chart_spec,de,0.3,,,,,,,,,0.3,0.35,0.55,0.38,0.26,0.3
dino_ds/lanes/lane_18_chart_spec/lane_en.yaml,lane_18_chart_spec,en,0.3,,,,,,,,,0.3,0.35,0.55,0.38,0.26,0.3
dino_ds/lanes/lane_18_chart_spec/lane_es.yaml,lane_18_chart_spec,es,0.3,,,,,,,,,0.3,0.35,0.55,0.38,0.26,0.3
dino_ds/lanes/lane_18_chart_spec/lane_fr.yaml,lane_18_chart_spec,fr,0.3,,,,,,,,,0.3,0.35,0.55,0.38,0.26,0.3
dino_ds/lanes/lane_18_chart_spec/lane_hi.yaml,lane_18_chart_spec,hi,0.3,,,,,,,,,0.3,0.35,0.55,0.38,0.26,0.3
dino_ds/lanes/lane_18_chart_spec/lane_it.yaml,lane_18_chart_spec,it,0.3,,,,,,,,,0.3,0.35,0.55,0.38,0.26,0.3
dino_ds/lanes/lane_18_chart_spec/lane_ja.yaml,lane_18_chart_spec,ja,0.3,,,,,,,,,0.3,0.35,0.55,0.38,0.26,0.3
dino_ds/lanes/lane_18_chart_spec/lane_ko.yaml,lane_18_chart_spec,ko,0.3,,,,,,,,,0.3,0.35,0.55,0.38,0.26,0.3
dino_ds/lanes/lane_18_chart_spec/lane_pt-br.yaml,lane_18_chart_spec,pt-br,0.3,,,,,,,,,0.3,0.35,0.55,0.38,0.26,0.3
dino_ds/lanes/lane_18_chart_spec/lane_th.yaml,lane_18_chart_spec,th,0.3,,,,,,,,,0.3,0.35,0.55,0.38,0.26,0.3
dino_ds/lanes/lane_18_chart_spec/lane_vi.yaml,lane_18_chart_spec,vi,0.3,,,,,,,,,0.3,0.35,0.55,0.38,0.26,0.3
dino_ds/lanes/lane_18_chart_spec/lane_zh-hans.yaml,lane_18_chart_spec,zh-hans,0.3,,,,,,,,,0.3,0.35,0.55,0.38,0.26,0.3
dino_ds/lanes/lane_18_chart_spec/lane_zh-hant.yaml,lane_18_chart_spec,zh-hant,0.3,,,,,,,,,0.3,0.35,0.55,0.38,0.26,0.3
dino_ds/lanes/lane_18_chart_spec/lane_zh-hk.yaml,lane_18_chart_spec,zh-hk,0.3,,,,,,,,,0.3,0.35,0.55,0.38,0.26,0.3
dino_ds/lanes/lane_19_continuity_decision/lane_de.yaml,lane_19_continuity_decision,de,0.3,,,,,,,,,0.3,0.35,0.55,0.38,0.26,0.3
dino_ds/lanes/lane_19_continuity_decision/lane_en.yaml,lane_19_continuity_decision,en,0.3,,,,,,,,,0.3,0.35,0.55,0.38,0.26,0.3
dino_ds/lanes/lane_19_continuity_decision/lane_es.yaml,lane_19_continuity_decision,es,0.3,,,,,,,,,0.3,0.35,0.55,0.38,0.26,0.3
dino_ds/lanes/lane_19_continuity_decision/lane_fr.yaml,lane_19_continuity_decision,fr,0.3,,,,,,,,,0.3,0.35,0.55,0.38,0.26,0.3
dino_ds/lanes/lane_19_continuity_decision/lane_hi.yaml,lane_19_continuity_decision,hi,0.3,,,,,,,,,0.3,0.35,0.55,0.38,0.26,0.3
dino_ds/lanes/lane_19_continuity_decision/lane_it.yaml,lane_19_continuity_decision,it,0.3,,,,,,,,,0.3,0.35,0.55,0.38,0.26,0.3
dino_ds/lanes/lane_19_continuity_decision/lane_ja.yaml,lane_19_continuity_decision,ja,0.3,,,,,,,,,0.3,0.35,0.55,0.38,0.26,0.3
dino_ds/lanes/lane_19_continuity_decision/lane_ko.yaml,lane_19_continuity_decision,ko,0.3,,,,,,,,,0.3,0.35,0.55,0.38,0.26,0.3
dino_ds/lanes/lane_19_continuity_decision/lane_pt-br.yaml,lane_19_continuity_decision,pt-br,0.3,,,,,,,,,0.3,0.35,0.55,0.38,0.26,0.3
dino_ds/lanes/lane_19_continuity_decision/lane_th.yaml,lane_19_continuity_decision,th,0.3,,,,,,,,,0.3,0.35,0.55,0.38,0.26,0.3
dino_ds/lanes/lane_19_continuity_decision/lane_vi.yaml,lane_19_continuity_decision,vi,0.3,,,,,,,,,0.3,0.35,0.55,0.38,0.26,0.3
dino_ds/lanes/lane_19_continuity_decision/lane_zh-hans.yaml,lane_19_continuity_decision,zh-hans,0.3,,,,,,,,,0.3,0.35,0.55,0.38,0.26,0.3
dino_ds/lanes/lane_19_continuity_decision/lane_zh-hant.yaml,lane_19_continuity_decision,zh-hant,0.3,,,,,,,,,0.3,0.35,0.55,0.38,0.26,0.3
dino_ds/lanes/lane_19_continuity_decision/lane_zh-hk.yaml,lane_19_continuity_decision,zh-hk,0.3,,,,,,,,,0.3,0.35,0.55,0.38,0.26,0.3
dino_ds/lanes/lane_20_continuity_execution/lane_de.yaml,lane_20_continuity_execution,de,0.3,,,,,,,,,0.3,0.35,0.55,0.38,0.26,0.3
dino_ds/lanes/lane_20_continuity_execution/lane_en.yaml,lane_20_continuity_execution,en,0.3,,,,,,,,,0.3,0.35,0.55,0.38,0.26,0.3
dino_ds/lanes/lane_20_continuity_execution/lane_es.yaml,lane_20_continuity_execution,es,0.3,,,,,,,,,0.3,0.35,0.55,0.38,0.26,0.3
dino_ds/lanes/lane_20_continuity_execution/lane_fr.yaml,lane_20_continuity_execution,fr,0.3,,,,,,,,,0.3,0.35,0.55,0.38,0.26,0.3
dino_ds/lanes/lane_20_continuity_execution/lane_hi.yaml,lane_20_continuity_execution,hi,0.3,,,,,,,,,0.3,0.35,0.55,0.38,0.26,0.3
dino_ds/lanes/lane_20_continuity_execution/lane_it.yaml,lane_20_continuity_execution,it,0.3,,,,,,,,,0.3,0.35,0.55,0.38,0.26,0.3
dino_ds/lanes/lane_20_continuity_execution/lane_ja.yaml,lane_20_continuity_execution,ja,0.3,,,,,,,,,0.3,0.35,0.55,0.38,0.26,0.3
dino_ds/lanes/lane_20_continuity_execution/lane_ko.yaml,lane_20_continuity_execution,ko,0.3,,,,,,,,,0.3,0.35,0.55,0.38,0.26,0.3
dino_ds/lanes/lane_20_continuity_execution/lane_pt-br.yaml,lane_20_continuity_execution,pt-br,0.3,,,,,,,,,0.3,0.35,0.55,0.38,0.26,0.3
dino_ds/lanes/lane_20_continuity_execution/lane_th.yaml,lane_20_continuity_execution,th,0.3,,,,,,,,,0.3,0.35,0.55,0.38,0.26,0.3
dino_ds/lanes/lane_20_continuity_execution/lane_vi.yaml,lane_20_continuity_execution,vi,0.3,,,,,,,,,0.3,0.35,0.55,0.38,0.26,0.3
dino_ds/lanes/lane_20_continuity_execution/lane_zh-hans.yaml,lane_20_continuity_execution,zh-hans,0.3,,,,,,,,,0.3,0.35,0.55,0.38,0.26,0.3
dino_ds/lanes/lane_20_continuity_execution/lane_zh-hant.yaml,lane_20_continuity_execution,zh-hant,0.3,,,,,,,,,0.3,0.35,0.55,0.38,0.26,0.3
dino_ds/lanes/lane_20_continuity_execution/lane_zh-hk.yaml,lane_20_continuity_execution,zh-hk,0.3,,,,,,,,,0.3,0.35,0.55,0.38,0.26,0.3
dino_ds/lanes/lane_21_rewrite/lane_de.yaml,lane_21_rewrite,de,0.3,,,,,,,,,0.3,0.35,0.55,0.38,0.26,0.3
dino_ds/lanes/lane_21_rewrite/lane_en.yaml,lane_21_rewrite,en,0.3,,,,,,,,,0.3,0.35,0.55,0.38,0.26,0.3
dino_ds/lanes/lane_21_rewrite/lane_es.yaml,lane_21_rewrite,es,0.3,,,,,,,,,0.3,0.35,0.55,0.38,0.26,0.3
dino_ds/lanes/lane_21_rewrite/lane_fr.yaml,lane_21_rewrite,fr,0.3,,,,,,,,,0.3,0.35,0.55,0.38,0.26,0.3
dino_ds/lanes/lane_21_rewrite/lane_hi.yaml,lane_21_rewrite,hi,0.3,,,,,,,,,0.3,0.35,0.55,0.38,0.26,0.3
dino_ds/lanes/lane_21_rewrite/lane_it.yaml,lane_21_rewrite,it,0.3,,,,,,,,,0.3,0.35,0.55,0.38,0.26,0.3
dino_ds/lanes/lane_21_rewrite/lane_ja.yaml,lane_21_rewrite,ja,0.3,,,,,,,,,0.3,0.35,0.55,0.38,0.26,0.3
dino_ds/lanes/lane_21_rewrite/lane_ko.yaml,lane_21_rewrite,ko,0.3,,,,,,,,,0.3,0.35,0.55,0.38,0.26,0.3
dino_ds/lanes/lane_21_rewrite/lane_pt-br.yaml,lane_21_rewrite,pt-br,0.3,,,,,,,,,0.3,0.35,0.55,0.38,0.26,0.3
dino_ds/lanes/lane_21_rewrite/lane_th.yaml,lane_21_rewrite,th,0.3,,,,,,,,,0.3,0.35,0.55,0.38,0.26,0.3
dino_ds/lanes/lane_21_rewrite/lane_vi.yaml,lane_21_rewrite,vi,0.3,,,,,,,,,0.3,0.35,0.55,0.38,0.26,0.3
dino_ds/lanes/lane_21_rewrite/lane_zh-hans.yaml,lane_21_rewrite,zh-hans,0.3,,,,,,,,,0.3,0.35,0.55,0.38,0.26,0.3
dino_ds/lanes/lane_21_rewrite/lane_zh-hant.yaml,lane_21_rewrite,zh-hant,0.3,,,,,,,,,0.3,0.35,0.55,0.38,0.26,0.3
dino_ds/lanes/lane_21_rewrite/lane_zh-hk.yaml,lane_21_rewrite,zh-hk,0.3,,,,,,,,,0.3,0.35,0.55,0.38,0.26,0.3
dino_ds/lanes/lane_22_translate/lane_de.yaml,lane_22_translate,de,0.3,,,,,,,,,0.3,0.35,0.55,0.38,0.26,0.3
dino_ds/lanes/lane_22_translate/lane_en.yaml,lane_22_translate,en,0.3,,,,,,,,,0.3,0.35,0.55,0.38,0.26,0.3
dino_ds/lanes/lane_22_translate/lane_es.yaml,lane_22_translate,es,0.3,,,,,,,,,0.3,0.35,0.55,0.38,0.26,0.3
dino_ds/lanes/lane_22_translate/lane_fr.yaml,lane_22_translate,fr,0.3,,,,,,,,,0.3,0.35,0.55,0.38,0.26,0.3
dino_ds/lanes/lane_22_translate/lane_hi.yaml,lane_22_translate,hi,0.3,,,,,,,,,0.3,0.35,0.55,0.38,0.26,0.3
dino_ds/lanes/lane_22_translate/lane_it.yaml,lane_22_translate,it,0.3,,,,,,,,,0.3,0.35,0.55,0.38,0.26,0.3
dino_ds/lanes/lane_22_translate/lane_ja.yaml,lane_22_translate,ja,0.3,,,,,,,,,0.3,0.35,0.55,0.38,0.26,0.3
dino_ds/lanes/lane_22_translate/lane_ko.yaml,lane_22_translate,ko,0.3,,,,,,,,,0.3,0.35,0.55,0.38,0.26,0.3
dino_ds/lanes/lane_22_translate/lane_pt-br.yaml,lane_22_translate,pt-br,0.3,,,,,,,,,0.3,0.35,0.55,0.38,0.26,0.3
dino_ds/lanes/lane_22_translate/lane_th.yaml,lane_22_translate,th,0.3,,,,,,,,,0.3,0.35,0.55,0.38,0.26,0.3
dino_ds/lanes/lane_22_translate/lane_vi.yaml,lane_22_translate,vi,0.3,,,,,,,,,0.3,0.35,0.55,0.38,0.26,0.3
dino_ds/lanes/lane_22_translate/lane_zh-hans.yaml,lane_22_translate,zh-hans,0.3,,,,,,,,,0.3,0.35,0.55,0.38,0.26,0.3
dino_ds/lanes/lane_22_translate/lane_zh-hant.yaml,lane_22_translate,zh-hant,0.3,,,,,,,,,0.3,0.35,0.55,0.38,0.26,0.3
dino_ds/lanes/lane_22_translate/lane_zh-hk.yaml,lane_22_translate,zh-hk,0.3,,,,,,,,,0.3,0.35,0.55,0.38,0.26,0.3
dino_ds/lanes/lane_23_grammar_fix/lane_de.yaml,lane_23_grammar_fix,de,0.3,,,,,,,,,0.3,0.35,0.55,0.38,0.26,0.3
dino_ds/lanes/lane_23_grammar_fix/lane_en.yaml,lane_23_grammar_fix,en,0.3,,,,,,,,,0.3,0.35,0.55,0.38,0.26,0.3
dino_ds/lanes/lane_23_grammar_fix/lane_es.yaml,lane_23_grammar_fix,es,0.3,,,,,,,,,0.3,0.35,0.55,0.38,0.26,0.3
dino_ds/lanes/lane_23_grammar_fix/lane_fr.yaml,lane_23_grammar_fix,fr,0.3,,,,,,,,,0.3,0.35,0.55,0.38,0.26,0.3
dino_ds/lanes/lane_23_grammar_fix/lane_hi.yaml,lane_23_grammar_fix,hi,0.3,,,,,,,,,0.3,0.35,0.55,0.38,0.26,0.3
dino_ds/lanes/lane_23_grammar_fix/lane_it.yaml,lane_23_grammar_fix,it,0.3,,,,,,,,,0.3,0.35,0.55,0.38,0.26,0.3
dino_ds/lanes/lane_23_grammar_fix/lane_ja.yaml,lane_23_grammar_fix,ja,0.3,,,,,,,,,0.3,0.35,0.55,0.38,0.26,0.3
dino_ds/lanes/lane_23_grammar_fix/lane_ko.yaml,lane_23_grammar_fix,ko,0.3,,,,,,,,,0.3,0.35,0.55,0.38,0.26,0.3
dino_ds/lanes/lane_23_grammar_fix/lane_pt-br.yaml,lane_23_grammar_fix,pt-br,0.3,,,,,,,,,0.3,0.35,0.55,0.38,0.26,0.3
dino_ds/lanes/lane_23_grammar_fix/lane_th.yaml,lane_23_grammar_fix,th,0.3,,,,,,,,,0.3,0.35,0.55,0.38,0.26,0.3
dino_ds/lanes/lane_23_grammar_fix/lane_vi.yaml,lane_23_grammar_fix,vi,0.3,,,,,,,,,0.3,0.35,0.55,0.38,0.26,0.3
dino_ds/lanes/lane_23_grammar_fix/lane_zh-hans.yaml,lane_23_grammar_fix,zh-hans,0.3,,,,,,,,,0.3,0.35,0.55,0.38,0.26,0.3
dino_ds/lanes/lane_23_grammar_fix/lane_zh-hant.yaml,lane_23_grammar_fix,zh-hant,0.3,,,,,,,,,0.3,0.35,0.55,0.38,0.26,0.3
dino_ds/lanes/lane_23_grammar_fix/lane_zh-hk.yaml,lane_23_grammar_fix,zh-hk,0.3,,,,,,,,,0.3,0.35,0.55,0.38,0.26,0.3
dino_ds/lanes/lane_24_history_search_trigger/lane_de.yaml,lane_24_history_search_trigger,de,0.3,,,,,,,,,0.3,0.35,0.55,0.38,0.26,0.3
dino_ds/lanes/lane_24_history_search_trigger/lane_en.yaml,lane_24_history_search_trigger,en,0.3,,,,,,,,,0.3,0.35,0.55,0.38,0.26,0.3
dino_ds/lanes/lane_24_history_search_trigger/lane_es.yaml,lane_24_history_search_trigger,es,0.3,,,,,,,,,0.3,0.35,0.55,0.38,0.26,0.3
dino_ds/lanes/lane_24_history_search_trigger/lane_fr.yaml,lane_24_history_search_trigger,fr,0.3,,,,,,,,,0.3,0.35,0.55,0.38,0.26,0.3
dino_ds/lanes/lane_24_history_search_trigger/lane_hi.yaml,lane_24_history_search_trigger,hi,0.3,,,,,,,,,0.3,0.35,0.55,0.38,0.26,0.3
dino_ds/lanes/lane_24_history_search_trigger/lane_it.yaml,lane_24_history_search_trigger,it,0.3,,,,,,,,,0.3,0.35,0.55,0.38,0.26,0.3
dino_ds/lanes/lane_24_history_search_trigger/lane_ja.yaml,lane_24_history_search_trigger,ja,0.3,,,,,,,,,0.3,0.35,0.55,0.38,0.26,0.3
dino_ds/lanes/lane_24_history_search_trigger/lane_ko.yaml,lane_24_history_search_trigger,ko,0.3,,,,,,,,,0.3,0.35,0.55,0.38,0.26,0.3
dino_ds/lanes/lane_24_history_search_trigger/lane_pt-br.yaml,lane_24_history_search_trigger,pt-br,0.3,,,,,,,,,0.3,0.35,0.55,0.38,0.26,0.3
dino_ds/lanes/lane_24_history_search_trigger/lane_th.yaml,lane_24_history_search_trigger,th,0.3,,,,,,,,,0.3,0.35,0.55,0.38,0.26,0.3
dino_ds/lanes/lane_24_history_search_trigger/lane_vi.yaml,lane_24_history_search_trigger,vi,0.3,,,,,,,,,0.3,0.35,0.55,0.38,0.26,0.3
dino_ds/lanes/lane_24_history_search_trigger/lane_zh-hans.yaml,lane_24_history_search_trigger,zh-hans,0.3,,,,,,,,,0.3,0.35,0.55,0.38,0.26,0.3
dino_ds/lanes/lane_24_history_search_trigger/lane_zh-hant.yaml,lane_24_history_search_trigger,zh-hant,0.3,,,,,,,,,0.3,0.35,0.55,0.38,0.26,0.3
dino_ds/lanes/lane_24_history_search_trigger/lane_zh-hk.yaml,lane_24_history_search_trigger,zh-hk,0.3,,,,,,,,,0.3,0.35,0.55,0.38,0.26,0.3
dino_ds/lanes/lane_25_history_search_integration/lane_de.yaml,lane_25_history_search_integration,de,0.3,,,,,,,,,0.3,0.35,0.55,0.38,0.26,0.3
dino_ds/lanes/lane_25_history_search_integration/lane_en.yaml,lane_25_history_search_integration,en,0.3,,,,,,,,,0.3,0.35,0.55,0.38,0.26,0.3
dino_ds/lanes/lane_25_history_search_integration/lane_es.yaml,lane_25_history_search_integration,es,0.3,,,,,,,,,0.3,0.35,0.55,0.38,0.26,0.3
dino_ds/lanes/lane_25_history_search_integration/lane_fr.yaml,lane_25_history_search_integration,fr,0.3,,,,,,,,,0.3,0.35,0.55,0.38,0.26,0.3
dino_ds/lanes/lane_25_history_search_integration/lane_hi.yaml,lane_25_history_search_integration,hi,0.3,,,,,,,,,0.3,0.35,0.55,0.38,0.26,0.3
dino_ds/lanes/lane_25_history_search_integration/lane_it.yaml,lane_25_history_search_integration,it,0.3,,,,,,,,,0.3,0.35,0.55,0.38,0.26,0.3
dino_ds/lanes/lane_25_history_search_integration/lane_ja.yaml,lane_25_history_search_integration,ja,0.3,,,,,,,,,0.3,0.35,0.55,0.38,0.26,0.3
dino_ds/lanes/lane_25_history_search_integration/lane_ko.yaml,lane_25_history_search_integration,ko,0.3,,,,,,,,,0.3,0.35,0.55,0.38,0.26,0.3
dino_ds/lanes/lane_25_history_search_integration/lane_pt-br.yaml,lane_25_history_search_integration,pt-br,0.3,,,,,,,,,0.3,0.35,0.55,0.38,0.26,0.3
dino_ds/lanes/lane_25_history_search_integration/lane_th.yaml,lane_25_history_search_integration,th,0.3,,,,,,,,,0.3,0.35,0.55,0.38,0.26,0.3
dino_ds/lanes/lane_25_history_search_integration/lane_vi.yaml,lane_25_history_search_integration,vi,0.3,,,,,,,,,0.3,0.35,0.55,0.38,0.26,0.3
dino_ds/lanes/lane_25_history_search_integration/lane_zh-hans.yaml,lane_25_history_search_integration,zh-hans,0.3,,,,,,,,,0.3,0.35,0.55,0.38,0.26,0.3
dino_ds/lanes/lane_25_history_search_integration/lane_zh-hant.yaml,lane_25_history_search_integration,zh-hant,0.3,,,,,,,,,0.3,0.35,0.55,0.38,0.26,0.3
dino_ds/lanes/lane_25_history_search_integration/lane_zh-hk.yaml,lane_25_history_search_integration,zh-hk,0.3,,,,,,,,,0.3,0.35,0.55,0.38,0.26,0.3
dino_ds/lanes/lane_26_image_context_understanding/lane_de.yaml,lane_26_image_context_understanding,de,0.3,,,,,,,,,0.3,0.35,0.55,0.38,0.26,0.3
dino_ds/lanes/lane_26_image_context_understanding/lane_en.yaml,lane_26_image_context_understanding,en,0.3,,,,,,,,,0.3,0.35,0.55,0.38,0.26,0.3
dino_ds/lanes/lane_26_image_context_understanding/lane_es.yaml,lane_26_image_context_understanding,es,0.3,,,,,,,,,0.3,0.35,0.55,0.38,0.26,0.3
dino_ds/lanes/lane_26_image_context_understanding/lane_fr.yaml,lane_26_image_context_understanding,fr,0.3,,,,,,,,,0.3,0.35,0.55,0.38,0.26,0.3
dino_ds/lanes/lane_26_image_context_understanding/lane_hi.yaml,lane_26_image_context_understanding,hi,0.3,,,,,,,,,0.3,0.35,0.55,0.38,0.26,0.3
dino_ds/lanes/lane_26_image_context_understanding/lane_it.yaml,lane_26_image_context_understanding,it,0.3,,,,,,,,,0.3,0.35,0.55,0.38,0.26,0.3
dino_ds/lanes/lane_26_image_context_understanding/lane_ja.yaml,lane_26_image_context_understanding,ja,0.3,,,,,,,,,0.3,0.35,0.55,0.38,0.26,0.3
dino_ds/lanes/lane_26_image_context_understanding/lane_ko.yaml,lane_26_image_context_understanding,ko,0.3,,,,,,,,,0.3,0.35,0.55,0.38,0.26,0.3
dino_ds/lanes/lane_26_image_context_understanding/lane_pt-br.yaml,lane_26_image_context_understanding,pt-br,0.3,,,,,,,,,0.3,0.35,0.55,0.38,0.26,0.3
dino_ds/lanes/lane_26_image_context_understanding/lane_th.yaml,lane_26_image_context_understanding,th,0.3,,,,,,,,,0.3,0.35,0.55,0.38,0.26,0.3
dino_ds/lanes/lane_26_image_context_understanding/lane_vi.yaml,lane_26_image_context_understanding,vi,0.3,,,,,,,,,0.3,0.35,0.55,0.38,0.26,0.3
dino_ds/lanes/lane_26_image_context_understanding/lane_zh-hans.yaml,lane_26_image_context_understanding,zh-hans,0.3,,,,,,,,,0.3,0.35,0.55,0.38,0.26,0.3
dino_ds/lanes/lane_26_image_context_understanding/lane_zh-hant.yaml,lane_26_image_context_understanding,zh-hant,0.3,,,,,,,,,0.3,0.35,0.55,0.38,0.26,0.3
dino_ds/lanes/lane_26_image_context_understanding/lane_zh-hk.yaml,lane_26_image_context_understanding,zh-hk,0.3,,,,,,,,,0.3,0.35,0.55,0.38,0.26,0.3
dino_ds/lanes/lane_27_image_tooling/lane_de.yaml,lane_27_image_tooling,de,0.3,,,,,,,,,0.3,0.35,0.55,0.38,0.26,0.3
dino_ds/lanes/lane_27_image_tooling/lane_en.yaml,lane_27_image_tooling,en,0.3,,,,,,,,,0.3,0.35,0.55,0.38,0.26,0.3
dino_ds/lanes/lane_27_image_tooling/lane_es.yaml,lane_27_image_tooling,es,0.3,,,,,,,,,0.3,0.35,0.55,0.38,0.26,0.3
dino_ds/lanes/lane_27_image_tooling/lane_fr.yaml,lane_27_image_tooling,fr,0.3,,,,,,,,,0.3,0.35,0.55,0.38,0.26,0.3
dino_ds/lanes/lane_27_image_tooling/lane_hi.yaml,lane_27_image_tooling,hi,0.3,,,,,,,,,0.3,0.35,0.55,0.38,0.26,0.3
dino_ds/lanes/lane_27_image_tooling/lane_it.yaml,lane_27_image_tooling,it,0.3,,,,,,,,,0.3,0.35,0.55,0.38,0.26,0.3
dino_ds/lanes/lane_27_image_tooling/lane_ja.yaml,lane_27_image_tooling,ja,0.3,,,,,,,,,0.3,0.35,0.55,0.38,0.26,0.3
dino_ds/lanes/lane_27_image_tooling/lane_ko.yaml,lane_27_image_tooling,ko,0.3,,,,,,,,,0.3,0.35,0.55,0.38,0.26,0.3
dino_ds/lanes/lane_27_image_tooling/lane_pt-br.yaml,lane_27_image_tooling,pt-br,0.3,,,,,,,,,0.3,0.35,0.55,0.38,0.26,0.3
dino_ds/lanes/lane_27_image_tooling/lane_th.yaml,lane_27_image_tooling,th,0.3,,,,,,,,,0.3,0.35,0.55,0.38,0.26,0.3
dino_ds/lanes/lane_27_image_tooling/lane_vi.yaml,lane_27_image_tooling,vi,0.3,,,,,,,,,0.3,0.35,0.55,0.38,0.26,0.3
dino_ds/lanes/lane_27_image_tooling/lane_zh-hans.yaml,lane_27_image_tooling,zh-hans,0.3,,,,,,,,,0.3,0.35,0.55,0.38,0.26,0.3
dino_ds/lanes/lane_27_image_tooling/lane_zh-hant.yaml,lane_27_image_tooling,zh-hant,0.3,,,,,,,,,0.3,0.35,0.55,0.38,0.26,0.3
dino_ds/lanes/lane_27_image_tooling/lane_zh-hk.yaml,lane_27_image_tooling,zh-hk,0.3,,,,,,,,,0.3,0.35,0.55,0.38,0.26,0.3
dino_ds/lanes/lane_28_emote6_labeling/lane_de.yaml,lane_28_emote6_labeling,de,0.3,,,,,,,,,0.3,0.35,0.55,0.38,0.26,0.3
dino_ds/lanes/lane_28_emote6_labeling/lane_en.yaml,lane_28_emote6_labeling,en,0.3,,,,,,,,,0.3,0.35,0.55,0.38,0.26,0.3
dino_ds/lanes/lane_28_emote6_labeling/lane_es.yaml,lane_28_emote6_labeling,es,0.3,,,,,,,,,0.3,0.35,0.55,0.38,0.26,0.3
dino_ds/lanes/lane_28_emote6_labeling/lane_fr.yaml,lane_28_emote6_labeling,fr,0.3,,,,,,,,,0.3,0.35,0.55,0.38,0.26,0.3
dino_ds/lanes/lane_28_emote6_labeling/lane_hi.yaml,lane_28_emote6_labeling,hi,0.3,,,,,,,,,0.3,0.35,0.55,0.38,0.26,0.3
dino_ds/lanes/lane_28_emote6_labeling/lane_it.yaml,lane_28_emote6_labeling,it,0.3,,,,,,,,,0.3,0.35,0.55,0.38,0.26,0.3
dino_ds/lanes/lane_28_emote6_labeling/lane_ja.yaml,lane_28_emote6_labeling,ja,0.3,,,,,,,,,0.3,0.35,0.55,0.38,0.26,0.3
dino_ds/lanes/lane_28_emote6_labeling/lane_ko.yaml,lane_28_emote6_labeling,ko,0.3,,,,,,,,,0.3,0.35,0.55,0.38,0.26,0.3
dino_ds/lanes/lane_28_emote6_labeling/lane_pt-br.yaml,lane_28_emote6_labeling,pt-br,0.3,,,,,,,,,0.3,0.35,0.55,0.38,0.26,0.3
dino_ds/lanes/lane_28_emote6_labeling/lane_th.yaml,lane_28_emote6_labeling,th,0.3,,,,,,,,,0.3,0.35,0.55,0.38,0.26,0.3
dino_ds/lanes/lane_28_emote6_labeling/lane_vi.yaml,lane_28_emote6_labeling,vi,0.3,,,,,,,,,0.3,0.35,0.55,0.38,0.26,0.3
dino_ds/lanes/lane_28_emote6_labeling/lane_zh-hans.yaml,lane_28_emote6_labeling,zh-hans,0.3,,,,,,,,,0.3,0.35,0.55,0.38,0.26,0.3
dino_ds/lanes/lane_28_emote6_labeling/lane_zh-hant.yaml,lane_28_emote6_labeling,zh-hant,0.3,,,,,,,,,0.3,0.35,0.55,0.38,0.26,0.3
dino_ds/lanes/lane_28_emote6_labeling/lane_zh-hk.yaml,lane_28_emote6_labeling,zh-hk,0.3,,,,,,,,,0.3,0.35,0.55,0.38,0.26,0.3
dino_ds/lanes/lane_29_safety_history_politics/lane_de.yaml,lane_29_safety_history_politics,de,0.3,,,,,,,,,0.3,0.35,0.55,0.38,0.26,0.3
dino_ds/lanes/lane_29_safety_history_politics/lane_en.yaml,lane_29_safety_history_politics,en,0.3,,,,,,,,,0.3,0.35,0.55,0.38,0.26,0.3
dino_ds/lanes/lane_29_safety_history_politics/lane_es.yaml,lane_29_safety_history_politics,es,0.3,,,,,,,,,0.3,0.35,0.55,0.38,0.26,0.3
dino_ds/lanes/lane_29_safety_history_politics/lane_fr.yaml,lane_29_safety_history_politics,fr,0.3,,,,,,,,,0.3,0.35,0.55,0.38,0.26,0.3
dino_ds/lanes/lane_29_safety_history_politics/lane_hi.yaml,lane_29_safety_history_politics,hi,0.3,,,,,,,,,0.3,0.35,0.55,0.38,0.26,0.3
dino_ds/lanes/lane_29_safety_history_politics/lane_it.yaml,lane_29_safety_history_politics,it,0.3,,,,,,,,,0.3,0.35,0.55,0.38,0.26,0.3
dino_ds/lanes/lane_29_safety_history_politics/lane_ja.yaml,lane_29_safety_history_politics,ja,0.3,,,,,,,,,0.3,0.35,0.55,0.38,0.26,0.3
dino_ds/lanes/lane_29_safety_history_politics/lane_ko.yaml,lane_29_safety_history_politics,ko,0.3,,,,,,,,,0.3,0.35,0.55,0.38,0.26,0.3
dino_ds/lanes/lane_29_safety_history_politics/lane_pt-br.yaml,lane_29_safety_history_politics,pt-br,0.3,,,,,,,,,0.3,0.35,0.55,0.38,0.26,0.3
dino_ds/lanes/lane_29_safety_history_politics/lane_th.yaml,lane_29_safety_history_politics,th,0.3,,,,,,,,,0.3,0.35,0.55,0.38,0.26,0.3
dino_ds/lanes/lane_29_safety_history_politics/lane_vi.yaml,lane_29_safety_history_politics,vi,0.3,,,,,,,,,0.3,0.35,0.55,0.38,0.26,0.3
dino_ds/lanes/lane_29_safety_history_politics/lane_zh-hans.yaml,lane_29_safety_history_politics,zh-hans,0.3,,,,,,,,,0.3,0.35,0.55,0.38,0.26,0.3
dino_ds/lanes/lane_29_safety_history_politics/lane_zh-hant.yaml,lane_29_safety_history_politics,zh-hant,0.3,,,,,,,,,0.3,0.35,0.55,0.38,0.26,0.3
dino_ds/lanes/lane_29_safety_history_politics/lane_zh-hk.yaml,lane_29_safety_history_politics,zh-hk,0.3,,,,,,,,,0.3,0.35,0.55,0.38,0.26,0.3
dino_ds/lanes/lane_30_safety_no_leakage/lane_de.yaml,lane_30_safety_no_leakage,de,0.3,,,,,,,,,0.3,0.35,0.55,0.38,0.26,0.3
dino_ds/lanes/lane_30_safety_no_leakage/lane_en.yaml,lane_30_safety_no_leakage,en,0.3,,,,,,,,,0.3,0.35,0.55,0.38,0.26,0.3
dino_ds/lanes/lane_30_safety_no_leakage/lane_es.yaml,lane_30_safety_no_leakage,es,0.3,,,,,,,,,0.3,0.35,0.55,0.38,0.26,0.3
dino_ds/lanes/lane_30_safety_no_leakage/lane_fr.yaml,lane_30_safety_no_leakage,fr,0.3,,,,,,,,,0.3,0.35,0.55,0.38,0.26,0.3
dino_ds/lanes/lane_30_safety_no_leakage/lane_hi.yaml,lane_30_safety_no_leakage,hi,0.3,,,,,,,,,0.3,0.35,0.55,0.38,0.26,0.3
dino_ds/lanes/lane_30_safety_no_leakage/lane_it.yaml,lane_30_safety_no_leakage,it,0.3,,,,,,,,,0.3,0.35,0.55,0.38,0.26,0.3
dino_ds/lanes/lane_30_safety_no_leakage/lane_ja.yaml,lane_30_safety_no_leakage,ja,0.3,,,,,,,,,0.3,0.35,0.55,0.38,0.26,0.3
dino_ds/lanes/lane_30_safety_no_leakage/lane_ko.yaml,lane_30_safety_no_leakage,ko,0.3,,,,,,,,,0.3,0.35,0.55,0.38,0.26,0.3
dino_ds/lanes/lane_30_safety_no_leakage/lane_pt-br.yaml,lane_30_safety_no_leakage,pt-br,0.3,,,,,,,,,0.3,0.35,0.55,0.38,0.26,0.3
dino_ds/lanes/lane_30_safety_no_leakage/lane_th.yaml,lane_30_safety_no_leakage,th,0.3,,,,,,,,,0.3,0.35,0.55,0.38,0.26,0.3
dino_ds/lanes/lane_30_safety_no_leakage/lane_vi.yaml,lane_30_safety_no_leakage,vi,0.3,,,,,,,,,0.3,0.35,0.55,0.38,0.26,0.3
dino_ds/lanes/lane_30_safety_no_leakage/lane_zh-hans.yaml,lane_30_safety_no_leakage,zh-hans,0.3,,,,,,,,,0.3,0.35,0.55,0.38,0.26,0.3
dino_ds/lanes/lane_30_safety_no_leakage/lane_zh-hant.yaml,lane_30_safety_no_leakage,zh-hant,0.3,,,,,,,,,0.3,0.35,0.55,0.38,0.26,0.3
dino_ds/lanes/lane_30_safety_no_leakage/lane_zh-hk.yaml,lane_30_safety_no_leakage,zh-hk,0.3,,,,,,,,,0.3,0.35,0.55,0.38,0.26,0.3
dino_ds/lanes/lane_31_mode_selection/lane_de.yaml,lane_31_mode_selection,de,0.3,,,,,,,,,0.3,0.35,0.55,0.38,0.26,0.3
dino_ds/lanes/lane_31_mode_selection/lane_en.yaml,lane_31_mode_selection,en,0.3,,,,,,,,,0.3,0.35,0.55,0.38,0.26,0.3
dino_ds/lanes/lane_31_mode_selection/lane_es.yaml,lane_31_mode_selection,es,0.3,,,,,,,,,0.3,0.35,0.55,0.38,0.26,0.3
dino_ds/lanes/lane_31_mode_selection/lane_fr.yaml,lane_31_mode_selection,fr,0.3,,,,,,,,,0.3,0.35,0.55,0.38,0.26,0.3
dino_ds/lanes/lane_31_mode_selection/lane_hi.yaml,lane_31_mode_selection,hi,0.3,,,,,,,,,0.3,0.35,0.55,0.38,0.26,0.3
dino_ds/lanes/lane_31_mode_selection/lane_it.yaml,lane_31_mode_selection,it,0.3,,,,,,,,,0.3,0.35,0.55,0.38,0.26,0.3
dino_ds/lanes/lane_31_mode_selection/lane_ja.yaml,lane_31_mode_selection,ja,0.3,,,,,,,,,0.3,0.35,0.55,0.38,0.26,0.3
dino_ds/lanes/lane_31_mode_selection/lane_ko.yaml,lane_31_mode_selection,ko,0.3,,,,,,,,,0.3,0.35,0.55,0.38,0.26,0.3
dino_ds/lanes/lane_31_mode_selection/lane_pt-br.yaml,lane_31_mode_selection,pt-br,0.3,,,,,,,,,0.3,0.35,0.55,0.38,0.26,0.3
dino_ds/lanes/lane_31_mode_selection/lane_th.yaml,lane_31_mode_selection,th,0.3,,,,,,,,,0.3,0.35,0.55,0.38,0.26,0.3
dino_ds/lanes/lane_31_mode_selection/lane_vi.yaml,lane_31_mode_selection,vi,0.3,,,,,,,,,0.3,0.35,0.55,0.38,0.26,0.3
dino_ds/lanes/lane_31_mode_selection/lane_zh-hans.yaml,lane_31_mode_selection,zh-hans,0.3,,,,,,,,,0.3,0.35,0.55,0.38,0.26,0.3
dino_ds/lanes/lane_31_mode_selection/lane_zh-hant.yaml,lane_31_mode_selection,zh-hant,0.3,,,,,,,,,0.3,0.35,0.55,0.38,0.26,0.3
dino_ds/lanes/lane_31_mode_selection/lane_zh-hk.yaml,lane_31_mode_selection,zh-hk,0.3,,,,,,,,,0.3,0.35,0.55,0.38,0.26,0.3
dino_ds/lanes/lane_32_representation_choice/lane_de.yaml,lane_32_representation_choice,de,0.3,,,,,,,,,0.3,0.35,0.55,0.38,0.26,0.3
dino_ds/lanes/lane_32_representation_choice/lane_en.yaml,lane_32_representation_choice,en,0.3,,,,,,,,,0.3,0.35,0.55,0.38,0.26,0.3
dino_ds/lanes/lane_32_representation_choice/lane_es.yaml,lane_32_representation_choice,es,0.3,,,,,,,,,0.3,0.35,0.55,0.38,0.26,0.3
dino_ds/lanes/lane_32_representation_choice/lane_fr.yaml,lane_32_representation_choice,fr,0.3,,,,,,,,,0.3,0.35,0.55,0.38,0.26,0.3
dino_ds/lanes/lane_32_representation_choice/lane_hi.yaml,lane_32_representation_choice,hi,0.3,,,,,,,,,0.3,0.35,0.55,0.38,0.26,0.3
dino_ds/lanes/lane_32_representation_choice/lane_it.yaml,lane_32_representation_choice,it,0.3,,,,,,,,,0.3,0.35,0.55,0.38,0.26,0.3
dino_ds/lanes/lane_32_representation_choice/lane_ja.yaml,lane_32_representation_choice,ja,0.3,,,,,,,,,0.3,0.35,0.55,0.38,0.26,0.3
dino_ds/lanes/lane_32_representation_choice/lane_ko.yaml,lane_32_representation_choice,ko,0.3,,,,,,,,,0.3,0.35,0.55,0.38,0.26,0.3
dino_ds/lanes/lane_32_representation_choice/lane_pt-br.yaml,lane_32_representation_choice,pt-br,0.3,,,,,,,,,0.3,0.35,0.55,0.38,0.26,0.3
dino_ds/lanes/lane_32_representation_choice/lane_th.yaml,lane_32_representation_choice,th,0.3,,,,,,,,,0.3,0.35,0.55,0.38,0.26,0.3
dino_ds/lanes/lane_32_representation_choice/lane_vi.yaml,lane_32_representation_choice,vi,0.3,,,,,,,,,0.3,0.35,0.55,0.38,0.26,0.3
dino_ds/lanes/lane_32_representation_choice/lane_zh-hans.yaml,lane_32_representation_choice,zh-hans,0.3,,,,,,,,,0.3,0.35,0.55,0.38,0.26,0.3
dino_ds/lanes/lane_32_representation_choice/lane_zh-hant.yaml,lane_32_representation_choice,zh-hant,0.3,,,,,,,,,0.3,0.35,0.55,0.38,0.26,0.3
dino_ds/lanes/lane_32_representation_choice/lane_zh-hk.yaml,lane_32_representation_choice,zh-hk,0.3,,,,,,,,,0.3,0.35,0.55,0.38,0.26,0.3
dino_ds/lanes/lane_33_fallback_behavior/lane_de.yaml,lane_33_fallback_behavior,de,0.3,,,,,,,,,0.3,0.35,0.55,0.38,0.26,0.3
dino_ds/lanes/lane_33_fallback_behavior/lane_en.yaml,lane_33_fallback_behavior,en,0.3,,,,,,,,,0.3,0.35,0.55,0.38,0.26,0.3
dino_ds/lanes/lane_33_fallback_behavior/lane_es.yaml,lane_33_fallback_behavior,es,0.3,,,,,,,,,0.3,0.35,0.55,0.38,0.26,0.3
dino_ds/lanes/lane_33_fallback_behavior/lane_fr.yaml,lane_33_fallback_behavior,fr,0.3,,,,,,,,,0.3,0.35,0.55,0.38,0.26,0.3
dino_ds/lanes/lane_33_fallback_behavior/lane_hi.yaml,lane_33_fallback_behavior,hi,0.3,,,,,,,,,0.3,0.35,0.55,0.38,0.26,0.3
dino_ds/lanes/lane_33_fallback_behavior/lane_it.yaml,lane_33_fallback_behavior,it,0.3,,,,,,,,,0.3,0.35,0.55,0.38,0.26,0.3
dino_ds/lanes/lane_33_fallback_behavior/lane_ja.yaml,lane_33_fallback_behavior,ja,0.3,,,,,,,,,0.3,0.35,0.55,0.38,0.26,0.3
dino_ds/lanes/lane_33_fallback_behavior/lane_ko.yaml,lane_33_fallback_behavior,ko,0.3,,,,,,,,,0.3,0.35,0.55,0.38,0.26,0.3
dino_ds/lanes/lane_33_fallback_behavior/lane_pt-br.yaml,lane_33_fallback_behavior,pt-br,0.3,,,,,,,,,0.3,0.35,0.55,0.38,0.26,0.3
dino_ds/lanes/lane_33_fallback_behavior/lane_th.yaml,lane_33_fallback_behavior,th,0.3,,,,,,,,,0.3,0.35,0.55,0.38,0.26,0.3
dino_ds/lanes/lane_33_fallback_behavior/lane_vi.yaml,lane_33_fallback_behavior,vi,0.3,,,,,,,,,0.3,0.35,0.55,0.38,0.26,0.3
dino_ds/lanes/lane_33_fallback_behavior/lane_zh-hans.yaml,lane_33_fallback_behavior,zh-hans,0.3,,,,,,,,,0.3,0.35,0.55,0.38,0.26,0.3
dino_ds/lanes/lane_33_fallback_behavior/lane_zh-hant.yaml,lane_33_fallback_behavior,zh-hant,0.3,,,,,,,,,0.3,0.35,0.55,0.38,0.26,0.3
dino_ds/lanes/lane_33_fallback_behavior/lane_zh-hk.yaml,lane_33_fallback_behavior,zh-hk,0.3,,,,,,,,,0.3,0.35,0.55,0.38,0.26,0.3
dino_ds/lanes/lane_34_cantonese_ability/lane_en.yaml,lane_34_cantonese_ability,en,0.3,,,,,,,,,0.3,0.35,0.55,0.38,0.26,0.3
dino_ds/lanes/lane_34_cantonese_ability/lane_zh-hk.yaml,lane_34_cantonese_ability,zh-hk,0.3,,,,,,,,,0.3,0.35,0.55,0.38,0.26,0.3
dino_ds/lanes/lane_35_topic_hygiene/lane_de.yaml,lane_35_topic_hygiene,de,0.3,,,,,,,,,0.3,0.35,0.55,0.38,0.26,0.3
dino_ds/lanes/lane_35_topic_hygiene/lane_en.yaml,lane_35_topic_hygiene,en,0.3,,,,,,,,,0.3,0.35,0.55,0.38,0.26,0.3
dino_ds/lanes/lane_35_topic_hygiene/lane_es.yaml,lane_35_topic_hygiene,es,0.3,,,,,,,,,0.3,0.35,0.55,0.38,0.26,0.3
dino_ds/lanes/lane_35_topic_hygiene/lane_fr.yaml,lane_35_topic_hygiene,fr,0.3,,,,,,,,,0.3,0.35,0.55,0.38,0.26,0.3
dino_ds/lanes/lane_35_topic_hygiene/lane_hi.yaml,lane_35_topic_hygiene,hi,0.3,,,,,,,,,0.3,0.35,0.55,0.38,0.26,0.3
dino_ds/lanes/lane_35_topic_hygiene/lane_it.yaml,lane_35_topic_hygiene,it,0.3,,,,,,,,,0.3,0.35,0.55,0.38,0.26,0.3
dino_ds/lanes/lane_35_topic_hygiene/lane_ja.yaml,lane_35_topic_hygiene,ja,0.3,,,,,,,,,0.3,0.35,0.55,0.38,0.26,0.3
dino_ds/lanes/lane_35_topic_hygiene/lane_ko.yaml,lane_35_topic_hygiene,ko,0.3,,,,,,,,,0.3,0.35,0.55,0.38,0.26,0.3
dino_ds/lanes/lane_35_topic_hygiene/lane_pt-br.yaml,lane_35_topic_hygiene,pt-br,0.3,,,,,,,,,0.3,0.35,0.55,0.38,0.26,0.3
dino_ds/lanes/lane_35_topic_hygiene/lane_th.yaml,lane_35_topic_hygiene,th,0.3,,,,,,,,,0.3,0.35,0.55,0.38,0.26,0.3
dino_ds/lanes/lane_35_topic_hygiene/lane_vi.yaml,lane_35_topic_hygiene,vi,0.3,,,,,,,,,0.3,0.35,0.55,0.38,0.26,0.3
dino_ds/lanes/lane_35_topic_hygiene/lane_zh-hans.yaml,lane_35_topic_hygiene,zh-hans,0.3,,,,,,,,,0.3,0.35,0.55,0.38,0.26,0.3
dino_ds/lanes/lane_35_topic_hygiene/lane_zh-hant.yaml,lane_35_topic_hygiene,zh-hant,0.3,,,,,,,,,0.3,0.35,0.55,0.38,0.26,0.3
dino_ds/lanes/lane_35_topic_hygiene/lane_zh-hk.yaml,lane_35_topic_hygiene,zh-hk,0.3,,,,,,,,,0.3,0.35,0.55,0.38,0.26,0.3
dino_ds/lanes/lane_36_custom/lane_en.yaml,lane_36_custom,en,0.3,,,,,,,,,0.3,0.35,0.55,0.38,0.26,0.3
dino_ds/lanes/lane_37_deeplink_intent_detection/lane_de.yaml,lane_37_deeplink_intent_detection,de,0.3,,,,,,,,,0.3,0.35,0.55,0.38,0.26,0.3
dino_ds/lanes/lane_37_deeplink_intent_detection/lane_en.yaml,lane_37_deeplink_intent_detection,en,0.3,,,,,,,,,0.3,0.35,0.55,0.38,0.26,0.3
dino_ds/lanes/lane_37_deeplink_intent_detection/lane_es.yaml,lane_37_deeplink_intent_detection,es,0.3,,,,,,,,,0.3,0.35,0.55,0.38,0.26,0.3
dino_ds/lanes/lane_37_deeplink_intent_detection/lane_fr.yaml,lane_37_deeplink_intent_detection,fr,0.3,,,,,,,,,0.3,0.35,0.55,0.38,0.26,0.3
dino_ds/lanes/lane_37_deeplink_intent_detection/lane_hi.yaml,lane_37_deeplink_intent_detection,hi,0.3,,,,,,,,,0.3,0.35,0.55,0.38,0.26,0.3
dino_ds/lanes/lane_37_deeplink_intent_detection/lane_it.yaml,lane_37_deeplink_intent_detection,it,0.3,,,,,,,,,0.3,0.35,0.55,0.38,0.26,0.3
dino_ds/lanes/lane_37_deeplink_intent_detection/lane_ja.yaml,lane_37_deeplink_intent_detection,ja,0.3,,,,,,,,,0.3,0.35,0.55,0.38,0.26,0.3
dino_ds/lanes/lane_37_deeplink_intent_detection/lane_ko.yaml,lane_37_deeplink_intent_detection,ko,0.3,,,,,,,,,0.3,0.35,0.55,0.38,0.26,0.3
dino_ds/lanes/lane_37_deeplink_intent_detection/lane_pt-br.yaml,lane_37_deeplink_intent_detection,pt-br,0.3,,,,,,,,,0.3,0.35,0.55,0.38,0.26,0.3
dino_ds/lanes/lane_37_deeplink_intent_detection/lane_th.yaml,lane_37_deeplink_intent_detection,th,0.3,,,,,,,,,0.3,0.35,0.55,0.38,0.26,0.3
dino_ds/lanes/lane_37_deeplink_intent_detection/lane_vi.yaml,lane_37_deeplink_intent_detection,vi,0.3,,,,,,,,,0.3,0.35,0.55,0.38,0.26,0.3
dino_ds/lanes/lane_37_deeplink_intent_detection/lane_zh-hans.yaml,lane_37_deeplink_intent_detection,zh-hans,0.3,,,,,,,,,0.3,0.35,0.55,0.38,0.26,0.3
dino_ds/lanes/lane_37_deeplink_intent_detection/lane_zh-hant.yaml,lane_37_deeplink_intent_detection,zh-hant,0.3,,,,,,,,,0.3,0.35,0.55,0.38,0.26,0.3
dino_ds/lanes/lane_37_deeplink_intent_detection/lane_zh-hk.yaml,lane_37_deeplink_intent_detection,zh-hk,0.3,,,,,,,,,0.3,0.35,0.55,0.38,0.26,0.3
